work_year,company_location,job_title,employment_type,experience_level,work_models,salary,salary_currency,salary_in_usd,company_size
2020,United Kingdom,Data Engineer,Full-time,Mid-level,Hybrid,88000,GBP,112872,Large
2020,Mexico,Data Engineer,Full-time,Senior-level,On-site,720000,MXN,33511,Small
2020,France,Data Engineer,Full-time,Mid-level,Hybrid,61500,EUR,70139,Large
2020,United States,Data Scientist,Full-time,Mid-level,Remote,45760,USD,45760,Small
2020,United States,Business Data Analyst,Contract,Entry-level,Remote,100000,USD,100000,Large
2020,Luxembourg,Data Scientist,Full-time,Mid-level,Hybrid,55000,EUR,62726,Small
2020,United States,BI Data Analyst,Full-time,Mid-level,On-site,98000,USD,98000,Medium
2020,Spain,Data Engineer,Full-time,Executive-level,Hybrid,70000,EUR,79833,Large
2020,United States,Data Analyst,Full-time,Entry-level,Remote,72000,USD,72000,Large
2020,United States,Data Scientist,Full-time,Mid-level,Remote,138350,USD,138350,Medium
2020,France,Data Scientist,Full-time,Entry-level,On-site,35000,EUR,39916,Medium
2020,Germany,Data Engineer,Full-time,Entry-level,Remote,48000,EUR,54742,Large
2020,France,Data Scientist,Full-time,Mid-level,Hybrid,37000,EUR,42197,Small
2020,United Kingdom,Big Data Engineer,Full-time,Senior-level,Remote,100000,EUR,114047,Small
2020,India,Data Scientist,Full-time,Mid-level,On-site,3000000,INR,40481,Large
2020,United Kingdom,Big Data Engineer,Full-time,Senior-level,Hybrid,85000,GBP,109024,Medium
2020,United States,Lead Data Analyst,Full-time,Mid-level,Remote,87000,USD,87000,Large
2020,United States,Business Data Analyst,Full-time,Mid-level,Remote,135000,USD,135000,Large
2020,United States,Data Engineer,Full-time,Mid-level,Remote,106000,USD,106000,Large
2020,New Zealand,Lead Data Engineer,Full-time,Senior-level,Hybrid,125000,USD,125000,Small
2020,United States,Data Science Manager,Full-time,Senior-level,Remote,190200,USD,190200,Medium
2020,United Kingdom,Data Scientist,Full-time,Mid-level,Remote,60000,GBP,76958,Small
2020,Netherlands,Research Scientist,Full-time,Entry-level,Hybrid,42000,USD,42000,Large
2020,United Arab Emirates,Lead Data Scientist,Full-time,Mid-level,On-site,115000,USD,115000,Large
2020,Germany,Data Analyst,Full-time,Entry-level,On-site,42000,EUR,47899,Large
2020,Canada,Machine Learning Manager,Full-time,Senior-level,Hybrid,157000,CAD,117104,Large
2020,United States,Data Scientist,Full-time,Senior-level,Remote,412000,USD,412000,Large
2020,United States,Staff Data Scientist,Full-time,Senior-level,Hybrid,164000,USD,164000,Medium
2020,Portugal,Data Analyst,Full-time,Entry-level,Remote,20000,EUR,22809,Medium
2020,France,Data Scientist,Full-time,Entry-level,On-site,45000,EUR,51321,Small
2020,Hungary,Data Scientist,Full-time,Mid-level,Hybrid,11000000,HUF,35735,Large
2020,Germany,ML Engineer,Part-time,Entry-level,Remote,14000,EUR,15966,Small
2020,United States,Research Scientist,Full-time,Mid-level,On-site,450000,USD,450000,Medium
2020,United States,Computer Vision Engineer,Freelance,Senior-level,Remote,60000,USD,60000,Small
2020,Canada,Staff Data Analyst,Contract,Entry-level,Hybrid,60000,CAD,44753,Large
2020,Italy,Data Scientist,Part-time,Entry-level,Hybrid,19000,EUR,21669,Small
2020,United States,Data Analyst,Full-time,Entry-level,Remote,91000,USD,91000,Large
2020,Germany,Data Engineer,Full-time,Mid-level,Remote,51999,EUR,59303,Small
2020,United States,Data Scientist,Full-time,Senior-level,Hybrid,120000,USD,120000,Large
2020,Germany,Principal Data Scientist,Full-time,Senior-level,Remote,130000,EUR,148261,Medium
2020,United States,Machine Learning Engineer,Full-time,Entry-level,Remote,138000,USD,138000,Small
2020,United States,Data Scientist,Full-time,Mid-level,Remote,105000,USD,105000,Large
2020,Portugal,Machine Learning Infrastructure Engineer,Full-time,Mid-level,On-site,44000,EUR,50180,Medium
2020,United States,Data Science Consultant,Full-time,Mid-level,Remote,103000,USD,103000,Large
2020,United States,Data Scientist,Full-time,Entry-level,Remote,105000,USD,105000,Small
2020,Honduras,Product Data Analyst,Full-time,Mid-level,On-site,20000,USD,20000,Small
2020,Japan,Machine Learning Scientist,Full-time,Senior-level,On-site,260000,USD,260000,Small
2020,Germany,Data Scientist,Full-time,Entry-level,On-site,43200,EUR,49268,Small
2020,Japan,Data Engineer,Full-time,Entry-level,Remote,4450000,JPY,41689,Small
2020,United States,Machine Learning Engineer,Full-time,Entry-level,Hybrid,250000,USD,250000,Large
2020,United States,Business Data Analyst,Full-time,Mid-level,On-site,95000,USD,95000,Medium
2020,Croatia,Machine Learning Engineer,Full-time,Senior-level,Remote,40000,EUR,45618,Small
2020,Germany,Data Scientist,Full-time,Entry-level,Hybrid,55000,EUR,62726,Small
2020,United States,Lead Data Engineer,Full-time,Mid-level,Remote,56000,USD,56000,Medium
2020,United States,Data Engineer,Full-time,Mid-level,Remote,130800,USD,130800,Medium
2020,Greece,Data Engineer,Full-time,Senior-level,Hybrid,42000,EUR,47899,Large
2020,France,Data Analyst,Full-time,Mid-level,Hybrid,41000,EUR,46759,Large
2020,United States,Data Analyst,Full-time,Mid-level,Remote,85000,USD,85000,Large
2020,Austria,Data Engineer,Full-time,Mid-level,Hybrid,65000,EUR,74130,Large
2020,Germany,Data Scientist,Full-time,Mid-level,On-site,70000,EUR,79833,Large
2020,United States,Data Scientist,Full-time,Senior-level,Remote,60000,EUR,68428,Large
2020,United States,Big Data Engineer,Full-time,Entry-level,Remote,70000,USD,70000,Large
2020,Nigeria,Sales Data Analyst,Contract,Mid-level,On-site,60000,USD,60000,Medium
2020,United States,Managing Director Data Science,Full-time,Executive-level,Remote,300000,USD,300000,Large
2020,United States,Data Engineer,Full-time,Senior-level,Remote,188000,USD,188000,Large
2020,Canada,Staff Data Analyst,Full-time,Executive-level,On-site,15000,USD,15000,Medium
2020,United States,Data Scientist,Full-time,Mid-level,Remote,118000,USD,118000,Medium
2020,United States,Director of Data Science,Full-time,Executive-level,Remote,325000,USD,325000,Large
2020,Denmark,AI Scientist,Full-time,Entry-level,Hybrid,300000,DKK,45896,Small
2020,Austria,Data Scientist,Full-time,Senior-level,On-site,80000,EUR,91237,Small
2020,Mauritius,Azure Data Engineer,Full-time,Entry-level,On-site,100000,USD,100000,Small
2020,United States,Lead Data Scientist,Full-time,Senior-level,Remote,190000,USD,190000,Small
2020,Spain,Data Scientist,Full-time,Mid-level,Remote,34000,EUR,38776,Medium
2020,United States,Data Engineer,Full-time,Mid-level,Remote,110000,USD,110000,Large
2020,United States,Machine Learning Engineer,Full-time,Senior-level,Hybrid,150000,USD,150000,Large
2021,Germany,Machine Learning Engineer,Full-time,Entry-level,Remote,85000,USD,85000,Small
2021,Belgium,Machine Learning Engineer,Full-time,Mid-level,Remote,75000,EUR,88654,Medium
2021,Australia,Data Engineer,Full-time,Mid-level,Hybrid,100000,AUD,75050,Large
2021,United Kingdom,Data Analyst,Full-time,Mid-level,Hybrid,37456,GBP,51519,Large
2021,Australia,Data Analyst,Full-time,Entry-level,Hybrid,56000,AUD,42028,Large
2021,Belgium,Machine Learning Engineer,Full-time,Senior-level,Hybrid,70000,EUR,82744,Medium
2021,Colombia,Machine Learning Engineer,Full-time,Entry-level,Hybrid,21844,USD,21844,Medium
2021,United States,Lead Data Engineer,Full-time,Senior-level,Hybrid,160000,USD,160000,Small
2021,France,Data Science Manager,Full-time,Senior-level,Remote,152000,USD,152000,Large
2021,Israel,Data Scientist,Full-time,Mid-level,Remote,160000,SGD,119059,Medium
2021,India,Data Analyst,Full-time,Mid-level,Hybrid,1250000,INR,16904,Large
2021,Malta,Data Engineer,Full-time,Mid-level,Hybrid,24000,EUR,28369,Large
2021,United States,Data Scientist,Full-time,Mid-level,Hybrid,115000,USD,115000,Large
2021,United States,Machine Learning Engineer,Full-time,Senior-level,Remote,200000,USD,200000,Large
2021,United States,Data Architect,Full-time,Mid-level,Remote,180000,USD,180000,Large
2021,United States,Data Engineer,Full-time,Senior-level,Remote,150000,USD,150000,Medium
2021,United States,Data Scientist,Full-time,Mid-level,Remote,150000,USD,150000,Medium
2021,United States,Data Scientist,Full-time,Mid-level,Hybrid,109000,USD,109000,Large
2021,United States,Applied Machine Learning Scientist,Full-time,Mid-level,Remote,38400,USD,38400,Medium
2021,United States,Data Engineer,Full-time,Senior-level,Remote,153000,USD,153000,Large
2021,United States,Cloud Data Architect,Full-time,Senior-level,Hybrid,250000,USD,250000,Large
2021,United States,ML Engineer,Full-time,Senior-level,Remote,256000,USD,256000,Small
2021,United States,Data Analytics Manager,Full-time,Senior-level,Remote,120000,USD,120000,Medium
2021,Poland,Data Engineer,Full-time,Mid-level,Remote,110000,PLN,28476,Large
2021,United States,Staff Data Scientist,Contract,Senior-level,Remote,105000,USD,105000,Medium
2021,Turkey,Data Engineer,Full-time,Mid-level,Remote,250000,TRY,28016,Medium
2021,United States,Applied Machine Learning Scientist,Full-time,Mid-level,Hybrid,423000,USD,423000,Large
2021,United Kingdom,Applied Data Scientist,Full-time,Entry-level,On-site,80000,GBP,110037,Large
2021,India,Data Scientist,Full-time,Mid-level,On-site,2500000,INR,33808,Medium
2021,United Kingdom,Data Scientist,Full-time,Mid-level,Hybrid,40900,GBP,56256,Large
2021,United Kingdom,Finance Data Analyst,Full-time,Senior-level,Hybrid,45000,GBP,61896,Large
2021,United States,Data Science Manager,Full-time,Senior-level,Remote,174000,USD,174000,Large
2021,United States,Director of Data Science,Full-time,Executive-level,On-site,250000,USD,250000,Large
2021,United States,Data Engineer,Full-time,Mid-level,Remote,140000,USD,140000,Large
2021,United States,Data Engineer,Full-time,Senior-level,Remote,115000,USD,115000,Small
2021,United States,Data Analyst,Full-time,Senior-level,Remote,200000,USD,200000,Large
2021,Germany,Data Scientist,Full-time,Mid-level,Remote,21600,EUR,25532,Small
2021,United States,Data Analyst,Full-time,Mid-level,Remote,135000,USD,135000,Large
2021,United States,BI Data Analyst,Full-time,Mid-level,Remote,100000,USD,100000,Medium
2021,United States,Principal Data Analyst,Full-time,Senior-level,Remote,170000,USD,170000,Medium
2021,United States,Machine Learning Engineer,Full-time,Senior-level,Hybrid,185000,USD,185000,Large
2021,United States,Data Scientist,Full-time,Entry-level,Remote,100000,USD,100000,Medium
2021,Germany,Data Scientist,Full-time,Mid-level,Hybrid,75000,EUR,88654,Large
2021,Canada,Research Scientist,Full-time,Mid-level,Remote,235000,CAD,187442,Large
2021,Denmark,Marketing Data Analyst,Full-time,Senior-level,Remote,75000,EUR,88654,Large
2021,Germany,Data Science Consultant,Full-time,Entry-level,Hybrid,54000,EUR,63831,Large
2021,United States,Data Scientist,Full-time,Mid-level,Hybrid,130000,USD,130000,Large
2021,Romania,Big Data Engineer,Full-time,Mid-level,Hybrid,60000,USD,60000,Medium
2021,Russia,Head of Data,Full-time,Executive-level,Hybrid,230000,USD,230000,Large
2021,Japan,ML Engineer,Full-time,Mid-level,Hybrid,7000000,JPY,63711,Small
2021,Japan,ML Engineer,Full-time,Mid-level,Hybrid,8500000,JPY,77364,Small
2021,India,Data Engineer,Full-time,Entry-level,Remote,2250000,INR,30428,Large
2021,India,Machine Learning Engineer,Full-time,Senior-level,On-site,4900000,INR,66265,Large
2021,United Kingdom,Data Engineer,Full-time,Mid-level,Hybrid,52500,GBP,72212,Large
2021,France,Data Scientist,Full-time,Entry-level,Hybrid,42000,EUR,49646,Medium
2021,France,Data Scientist,Full-time,Entry-level,Hybrid,31000,EUR,36643,Large
2021,Germany,Data Science Consultant,Full-time,Entry-level,Remote,65000,EUR,76833,Small
2021,Spain,Machine Learning Engineer,Full-time,Mid-level,Remote,40000,EUR,47282,Small
2021,Germany,Data Engineer,Full-time,Entry-level,Hybrid,55000,EUR,65013,Medium
2021,China,Research Scientist,Full-time,Entry-level,On-site,100000,USD,100000,Large
2021,Canada,Research Scientist,Full-time,Mid-level,Remote,80000,CAD,63810,Medium
2021,Canada,Data Scientist,Full-time,Senior-level,Remote,130000,CAD,103691,Large
2021,Canada,Big Data Architect,Full-time,Senior-level,Hybrid,125000,CAD,99703,Medium
2021,Canada,Machine Learning Scientist,Full-time,Senior-level,Remote,225000,USD,225000,Large
2021,Brazil,Computer Vision Engineer,Full-time,Senior-level,On-site,102000,BRL,18907,Medium
2021,Austria,Data Scientist,Full-time,Mid-level,Hybrid,52000,EUR,61467,Medium
2021,Canada,Research Scientist,Full-time,Senior-level,Hybrid,120500,CAD,96113,Large
2021,Chile,Data Scientist,Full-time,Mid-level,Remote,30400000,CLP,40038,Large
2021,Germany,Principal Data Scientist,Full-time,Senior-level,Remote,147000,EUR,173762,Medium
2021,Germany,Data Scientist,Full-time,Mid-level,Hybrid,76760,EUR,90734,Large
2021,Canada,Data Analyst,Full-time,Senior-level,Remote,90000,CAD,71786,Medium
2021,Canada,Data Science Engineer,Full-time,Senior-level,Hybrid,159500,CAD,127221,Large
2021,Canada,Data Scientist,Full-time,Senior-level,Remote,110000,CAD,87738,Small
2021,Bahamas,Autonomous Vehicle Technician,Freelance,Mid-level,Hybrid,45555,USD,45555,Medium
2021,Germany,Data Analytics Engineer,Full-time,Senior-level,Remote,67000,EUR,79197,Large
2021,Denmark,Computer Vision Software Engineer,Part-time,Entry-level,Hybrid,120000,DKK,19073,Large
2021,Spain,Data Scientist,Full-time,Mid-level,Remote,32000,EUR,37825,Large
2021,France,Data Scientist,Full-time,Senior-level,Hybrid,45000,EUR,53192,Large
2021,France,Data Analyst,Full-time,Entry-level,Hybrid,50000,EUR,59102,Medium
2021,United Kingdom,Data Engineer,Full-time,Senior-level,Hybrid,65000,EUR,76833,Small
2021,United Kingdom,Data Engineer,Full-time,Mid-level,Hybrid,48000,GBP,66022,Small
2021,United Kingdom,Research Scientist,Full-time,Entry-level,Hybrid,60000,GBP,82528,Large
2021,Greece,Data Science Engineer,Full-time,Mid-level,Remote,34000,EUR,40189,Medium
2021,India,Data Science Manager,Full-time,Senior-level,Hybrid,7000000,INR,94665,Large
2021,India,Data Engineer,Full-time,Entry-level,Hybrid,1600000,INR,21637,Medium
2021,United Kingdom,Data Scientist,Full-time,Mid-level,Hybrid,85000,GBP,116914,Large
2021,India,Lead Data Analyst,Full-time,Mid-level,Remote,1450000,INR,19609,Large
2021,India,Data Scientist,Full-time,Entry-level,Remote,2100000,INR,28399,Medium
2021,India,Lead Data Scientist,Full-time,Senior-level,Hybrid,3000000,INR,40570,Large
2021,India,Data Scientist,Full-time,Senior-level,Remote,4000000,INR,54094,Large
2021,Nigeria,Data Scientist,Full-time,Mid-level,Remote,50000,USD,50000,Large
2021,Canada,Data Scientist,Full-time,Mid-level,Remote,95000,CAD,75774,Large
2021,India,Big Data Engineer,Full-time,Mid-level,On-site,1672000,INR,22611,Large
2021,Germany,Data Science Consultant,Full-time,Entry-level,On-site,65000,EUR,76833,Large
2021,Denmark,Computer Vision Engineer,Part-time,Entry-level,Hybrid,180000,DKK,28609,Small
2021,Germany,Director of Data Science,Full-time,Executive-level,Hybrid,110000,EUR,130026,Medium
2021,United Kingdom,Data Engineer,Full-time,Senior-level,Hybrid,70000,GBP,96282,Large
2021,France,Research Scientist,Full-time,Mid-level,Hybrid,53000,EUR,62649,Medium
2021,United Kingdom,Data Analytics Engineer,Full-time,Senior-level,Remote,50000,USD,50000,Medium
2021,United Kingdom,Data Engineer,Full-time,Entry-level,Hybrid,33000,GBP,45390,Large
2021,Russia,Head of Data Science,Full-time,Executive-level,On-site,85000,USD,85000,Medium
2021,India,Data Scientist,Full-time,Entry-level,Hybrid,2200000,INR,29751,Large
2021,Japan,Machine Learning Engineer,Full-time,Mid-level,Hybrid,74000,USD,74000,Small
2021,Netherlands,Data Engineer,Part-time,Mid-level,Remote,59000,EUR,69741,Large
2021,Italy,Machine Learning Engineer,Full-time,Mid-level,Hybrid,43200,EUR,51064,Large
2021,Turkey,Data Scientist,Full-time,Senior-level,Hybrid,180000,TRY,20171,Large
2021,United States,Data Engineer,Full-time,Senior-level,On-site,165000,USD,165000,Medium
2021,United States,Principal Data Scientist,Full-time,Senior-level,Remote,235000,USD,235000,Large
2021,Ghana,AI Scientist,Full-time,Mid-level,On-site,30000,USD,30000,Small
2021,Iraq,Machine Learning Developer,Full-time,Entry-level,Hybrid,100000,USD,100000,Small
2021,United States,Data Engineer,Full-time,Senior-level,Remote,174000,USD,174000,Large
2021,United States,Computer Vision Software Engineer,Full-time,Mid-level,Remote,81000,EUR,95746,Small
2021,United States,Data Science Manager,Full-time,Senior-level,Remote,144000,USD,144000,Large
2021,United States,Data Analyst,Full-time,Entry-level,Remote,60000,USD,60000,Small
2021,United States,Data Engineer,Full-time,Mid-level,Remote,100000,USD,100000,Large
2021,United States,Data Architect,Full-time,Mid-level,Remote,170000,USD,170000,Large
2021,United States,Machine Learning Scientist,Full-time,Entry-level,Remote,225000,USD,225000,Large
2021,United States,Data Engineer,Full-time,Mid-level,On-site,22000,EUR,26005,Large
2021,United States,Data Analyst,Full-time,Entry-level,Remote,50000,USD,50000,Medium
2021,Poland,Machine Learning Engineer,Full-time,Mid-level,Remote,180000,PLN,46597,Large
2021,Poland,Director of Data Science,Full-time,Executive-level,Remote,130000,EUR,153667,Large
2021,United States,Data Engineer,Full-time,Senior-level,Remote,200000,USD,200000,Large
2021,United States,Data Analyst,Full-time,Mid-level,Remote,90000,USD,90000,Medium
2021,United States,Data Scientist,Full-time,Entry-level,On-site,100000,USD,100000,Small
2021,United States,Data Analyst,Full-time,Senior-level,Remote,80000,USD,80000,Small
2021,Germany,Data Analyst,Full-time,Senior-level,Hybrid,54000,EUR,63831,Large
2021,United States,Head of Data Science,Full-time,Mid-level,On-site,110000,USD,110000,Small
2021,United States,Data Engineer,Freelance,Mid-level,On-site,20000,USD,20000,Large
2021,United States,Cloud Data Engineer,Full-time,Senior-level,Remote,160000,USD,160000,Small
2021,Netherlands,Data Engineer,Full-time,Mid-level,Remote,38400,EUR,45391,Large
2021,United States,Machine Learning Infrastructure Engineer,Full-time,Senior-level,Remote,195000,USD,195000,Medium
2021,United States,Data Analyst,Full-time,Mid-level,On-site,75000,USD,75000,Large
2021,Slovenia,Machine Learning Engineer,Full-time,Mid-level,Hybrid,21000,EUR,24823,Large
2021,Spain,Data Scientist,Full-time,Mid-level,Remote,39600,EUR,46809,Medium
2021,Japan,Director of Data Science,Full-time,Senior-level,On-site,168000,USD,168000,Small
2021,United States,Data Scientist,Full-time,Mid-level,Hybrid,147000,USD,147000,Large
2021,India,Machine Learning Engineer,Full-time,Senior-level,Remote,1799997,INR,24342,Large
2021,United Kingdom,Lead Data Engineer,Full-time,Senior-level,Remote,75000,GBP,103160,Small
2021,Spain,AI Scientist,Full-time,Senior-level,Remote,55000,USD,55000,Large
2021,Germany,Director of Data Science,Full-time,Executive-level,On-site,120000,EUR,141846,Large
2021,Slovenia,Head of Data,Full-time,Senior-level,Remote,87000,EUR,102839,Large
2021,Thailand,Machine Learning Developer,Full-time,Entry-level,Remote,15000,USD,15000,Large
2021,United States,Data Specialist,Full-time,Senior-level,Remote,165000,USD,165000,Large
2021,United States,Data Scientist,Full-time,Mid-level,On-site,73000,USD,73000,Large
2021,United Kingdom,Data Engineer,Full-time,Senior-level,Remote,82500,GBP,113476,Medium
2021,United States,Research Scientist,Full-time,Senior-level,Remote,50000,USD,50000,Small
2021,United States,Principal Data Scientist,Contract,Executive-level,Remote,416000,USD,416000,Small
2021,United States,Data Science Consultant,Full-time,Entry-level,Remote,90000,USD,90000,Small
2021,United States,Data Engineer,Full-time,Mid-level,On-site,93150,USD,93150,Medium
2021,United States,Machine Learning Engineer,Full-time,Entry-level,Hybrid,81000,USD,81000,Small
2021,United States,Data Engineer,Full-time,Mid-level,On-site,111775,USD,111775,Medium
2021,United States,Data Engineer,Full-time,Mid-level,Remote,112000,USD,112000,Large
2021,United States,Data Engineer,Full-time,Entry-level,Remote,72500,USD,72500,Large
2021,United States,Data Scientist,Full-time,Entry-level,Remote,90000,USD,90000,Small
2021,United States,Computer Vision Software Engineer,Full-time,Entry-level,Remote,70000,USD,70000,Medium
2021,United States,Data Engineer,Full-time,Senior-level,Remote,150000,USD,150000,Large
2021,United States,Data Analyst,Full-time,Entry-level,Remote,80000,USD,80000,Medium
2021,United States,Lead Data Analyst,Full-time,Senior-level,Remote,170000,USD,170000,Large
2021,United States,ML Engineer,Contract,Mid-level,Remote,270000,USD,270000,Large
2021,United States,Data Analyst,Full-time,Entry-level,Remote,90000,USD,90000,Small
2021,United States,BI Data Analyst,Full-time,Entry-level,Hybrid,55000,USD,55000,Small
2021,United States,Principal Data Engineer,Full-time,Senior-level,Remote,200000,USD,200000,Medium
2021,United States,Machine Learning Scientist,Full-time,Senior-level,Hybrid,120000,USD,120000,Small
2021,United States,Data Science Manager,Full-time,Senior-level,On-site,240000,USD,240000,Large
2021,Spain,Data Science Consultant,Full-time,Executive-level,Remote,59000,EUR,69741,Small
2021,Brazil,Computer Vision Engineer,Full-time,Senior-level,Remote,24000,USD,24000,Medium
2021,Czech Republic,Research Scientist,Full-time,Mid-level,Hybrid,69999,USD,69999,Large
2021,Canada,Applied Data Scientist,Full-time,Mid-level,Hybrid,68000,CAD,54238,Large
2021,France,Machine Learning Research Engineer,Full-time,Entry-level,Hybrid,20000,USD,20000,Medium
2021,Germany,Machine Learning Engineer,Full-time,Senior-level,Hybrid,80000,EUR,94564,Large
2021,France,Data Scientist,Full-time,Senior-level,Hybrid,65720,EUR,77684,Medium
2021,France,Research Scientist,Full-time,Mid-level,Hybrid,48000,EUR,56738,Small
2021,United States,Data Analyst,Full-time,Senior-level,Remote,115000,USD,115000,Small
2021,United States,Data Scientist,Full-time,Entry-level,Remote,80000,USD,80000,Medium
2021,United States,Principal Data Scientist,Full-time,Senior-level,On-site,220000,USD,220000,Large
2021,United States,Data Architect,Full-time,Mid-level,Remote,150000,USD,150000,Large
2021,United States,Data Engineer,Full-time,Mid-level,Remote,200000,USD,200000,Large
2021,United States,Data Engineer,Full-time,Entry-level,Remote,80000,USD,80000,Large
2021,United States,Machine Learning Engineer,Full-time,Entry-level,Remote,125000,USD,125000,Small
2021,United States,BI Data Analyst,Full-time,Mid-level,Hybrid,11000000,HUF,36259,Large
2021,United States,Data Analytics Engineer,Full-time,Mid-level,Remote,110000,USD,110000,Large
2021,United States,Head of Data,Full-time,Executive-level,Remote,235000,USD,235000,Large
2021,United States,BI Data Analyst,Full-time,Executive-level,Remote,150000,USD,150000,Large
2021,United States,Data Analyst,Full-time,Mid-level,Remote,93000,USD,93000,Large
2021,United States,Lead Data Engineer,Full-time,Senior-level,On-site,276000,USD,276000,Large
2021,United States,Data Scientist,Full-time,Senior-level,Remote,165000,USD,165000,Large
2021,United States,Data Analyst,Full-time,Mid-level,Remote,80000,USD,80000,Large
2021,United States,Data Analyst,Full-time,Mid-level,On-site,62000,USD,62000,Large
2021,United States,Data Scientist,Full-time,Entry-level,Hybrid,58000,USD,58000,Large
2021,United States,Data Scientist,Full-time,Senior-level,On-site,135000,USD,135000,Large
2021,United States,Data Science Manager,Full-time,Senior-level,Hybrid,4000000,INR,54094,Large
2021,United States,Data Scientist,Full-time,Mid-level,Remote,160000,USD,160000,Large
2021,United States,Data Analytics Manager,Full-time,Senior-level,On-site,120000,USD,120000,Large
2021,United States,Principal Data Engineer,Full-time,Senior-level,Remote,185000,USD,185000,Large
2021,United States,Data Analytics Manager,Full-time,Senior-level,Remote,140000,USD,140000,Large
2021,Portugal,Research Scientist,Full-time,Senior-level,Hybrid,51400,EUR,60757,Large
2021,United States,Principal Data Scientist,Full-time,Mid-level,Remote,151000,USD,151000,Large
2021,Singapore,Marketing Data Engineer,Full-time,Entry-level,Hybrid,90000,SGD,66970,Large
2021,Singapore,Cloud Data Engineer,Full-time,Mid-level,Hybrid,120000,SGD,89294,Large
2021,Nigeria,Machine Learning Developer,Freelance,Senior-level,Remote,60000,USD,60000,Medium
2021,Philippines,Data Analyst,Full-time,Senior-level,Remote,50000,USD,50000,Small
2021,Moldova,Big Data Engineer,Full-time,Mid-level,On-site,18000,USD,18000,Small
2021,Luxembourg,Business Data Analyst,Full-time,Entry-level,Remote,50000,EUR,59102,Large
2021,Germany,Machine Learning Engineer,Full-time,Entry-level,Hybrid,21000,EUR,24823,Medium
2021,India,Machine Learning Engineer,Full-time,Entry-level,Remote,20000,USD,20000,Small
2021,India,Data Scientist,Full-time,Mid-level,Remote,1250000,INR,16904,Small
2021,India,Big Data Engineer,Full-time,Entry-level,Remote,1200000,INR,16228,Large
2021,United Kingdom,Data Engineer,Full-time,Mid-level,Remote,60000,GBP,82528,Large
2021,United States,Business Data Analyst,Part-time,Mid-level,Remote,56000,USD,56000,Medium
2021,India,AI Scientist,Full-time,Entry-level,Remote,1335000,INR,18053,Small
2021,United States,Data Engineer,Full-time,Mid-level,Remote,110000,USD,110000,Large
2021,United States,Data Engineer,Full-time,Mid-level,Remote,90000,USD,90000,Large
2021,United States,Data Scientist,Full-time,Mid-level,Remote,82500,USD,82500,Small
2021,United States,Data Engineer,Full-time,Senior-level,On-site,150000,USD,150000,Large
2021,United States,Data Science Lead,Full-time,Mid-level,Remote,150000,USD,150000,Medium
2021,United States,Staff Machine Learning Engineer,Full-time,Senior-level,Hybrid,185000,USD,185000,Medium
2022,United Kingdom,Data Scientist,Full-time,Mid-level,On-site,140000,GBP,172386,Medium
2022,United Kingdom,Data Analyst,Full-time,Mid-level,On-site,35000,GBP,43096,Medium
2022,United Kingdom,Data Engineer,Full-time,Senior-level,On-site,50000,GBP,61566,Medium
2022,United Kingdom,Data Scientist,Full-time,Senior-level,On-site,90000,GBP,110820,Medium
2022,United Kingdom,Data Engineer,Full-time,Senior-level,On-site,60000,GBP,73880,Medium
2022,United Kingdom,Data Engineer,Full-time,Mid-level,On-site,40000,GBP,49253,Medium
2022,United Kingdom,Data Scientist,Full-time,Mid-level,On-site,50000,GBP,61566,Medium
2022,United Kingdom,Machine Learning Engineer,Full-time,Entry-level,Remote,28500,GBP,35093,Large
2022,United Kingdom,Data Engineer,Full-time,Mid-level,On-site,85000,GBP,104663,Medium
2022,United Kingdom,Data Engineer,Full-time,Mid-level,On-site,110000,GBP,135446,Medium
2022,United Kingdom,Data Analyst,Full-time,Senior-level,On-site,50000,GBP,61566,Medium
2022,United Kingdom,Data Scientist,Full-time,Mid-level,Hybrid,65000,GBP,80036,Medium
2022,United Kingdom,Data Analyst,Full-time,Senior-level,On-site,70000,GBP,86193,Medium
2022,United Kingdom,Machine Learning Engineer,Full-time,Mid-level,Hybrid,104000,GBP,128058,Large
2022,United Kingdom,Data Scientist,Full-time,Mid-level,On-site,96000,GBP,118208,Medium
2022,United Kingdom,Data Engineer,Full-time,Mid-level,On-site,75000,GBP,92350,Medium
2022,United Kingdom,Analytics Engineer,Full-time,Senior-level,On-site,84000,GBP,103432,Medium
2022,United Kingdom,Data Engineer,Full-time,Entry-level,Remote,40000,GBP,49253,Medium
2022,United Kingdom,Deep Learning Engineer,Full-time,Mid-level,Remote,40000,GBP,49253,Medium
2022,United Kingdom,Deep Learning Engineer,Full-time,Mid-level,Remote,70000,GBP,86193,Medium
2022,United Kingdom,Data Science Consultant,Full-time,Mid-level,On-site,57000,GBP,70186,Medium
2022,United Kingdom,Data Analyst,Full-time,Mid-level,On-site,350000,GBP,430967,Medium
2022,Ghana,Business Intelligence Developer,Full-time,Mid-level,Remote,15000,USD,15000,Medium
2022,Greece,Data Analyst,Full-time,Mid-level,Remote,40000,EUR,42026,Medium
2022,Greece,Data Engineer,Full-time,Mid-level,Remote,70000,EUR,73546,Medium
2022,India,Data Scientist,Full-time,Mid-level,Remote,2400000,INR,30523,Large
2022,United Kingdom,Data Engineer,Full-time,Mid-level,Remote,60000,GBP,73880,Medium
2022,Greece,Data Engineer,Full-time,Mid-level,Remote,80000,EUR,84053,Medium
2022,India,Business Data Analyst,Full-time,Mid-level,Remote,1400000,INR,17805,Medium
2022,India,Data Scientist,Full-time,Entry-level,Hybrid,1800000,INR,22892,Medium
2022,India,Data Engineer,Full-time,Mid-level,Hybrid,2800000,INR,35610,Large
2022,Lithuania,Data Engineer,Full-time,Mid-level,On-site,75360,EUR,79178,Medium
2022,Mexico,Machine Learning Engineer,Full-time,Senior-level,Remote,255000,USD,255000,Medium
2022,Nigeria,BI Analyst,Full-time,Senior-level,Remote,200000,USD,200000,Small
2022,Netherlands,Data Engineer,Full-time,Entry-level,Remote,57000,EUR,59888,Large
2022,Netherlands,Applied Machine Learning Scientist,Contract,Mid-level,Remote,93000,EUR,97712,Large
2022,Poland,NLP Engineer,Full-time,Mid-level,Remote,198000,PLN,44365,Small
2022,Puerto Rico,Data Engineer,Full-time,Senior-level,Remote,200000,USD,200000,Medium
2022,Portugal,Data Engineer,Full-time,Senior-level,On-site,35000,EUR,36773,Medium
2022,Turkey,Data Scientist,Full-time,Mid-level,Hybrid,25000,USD,25000,Medium
2022,United Arab Emirates,Machine Learning Engineer,Full-time,Senior-level,Remote,120000,USD,120000,Small
2022,United States,Applied Data Scientist,Full-time,Senior-level,Remote,380000,USD,380000,Large
2022,United States,Computer Vision Engineer,Full-time,Entry-level,On-site,125000,USD,125000,Medium
2022,United States,Data Analytics Lead,Full-time,Senior-level,Remote,405000,USD,405000,Large
2022,United States,Data Scientist,Full-time,Senior-level,Remote,100000,USD,100000,Medium
2022,United States,Data Scientist,Full-time,Senior-level,Remote,165000,USD,165000,Medium
2022,United States,Data Scientist,Full-time,Mid-level,Remote,200000,USD,200000,Medium
2022,United States,Data Analyst,Full-time,Mid-level,Remote,135000,USD,135000,Medium
2022,United States,Data Engineer,Full-time,Senior-level,Remote,160080,USD,160080,Medium
2022,United States,Data Analytics Manager,Full-time,Senior-level,Remote,109280,USD,109280,Medium
2022,United States,Data Analytics Manager,Full-time,Senior-level,Remote,150260,USD,150260,Medium
2022,United States,Data Engineer,Full-time,Senior-level,Remote,110500,USD,110500,Medium
2022,United States,Data Engineer,Full-time,Mid-level,On-site,206699,USD,206699,Medium
2022,United States,Data Engineer,Full-time,Senior-level,Remote,140250,USD,140250,Medium
2022,United States,Data Scientist,Full-time,Senior-level,On-site,205300,USD,205300,Medium
2022,United States,Data Engineer,Full-time,Senior-level,On-site,70500,USD,70500,Medium
2022,United States,Data Engineer,Full-time,Senior-level,Remote,93700,USD,93700,Medium
2022,United States,Head of Data,Full-time,Senior-level,Remote,200000,USD,200000,Medium
2022,United States,Data Scientist,Full-time,Mid-level,On-site,102100,USD,102100,Medium
2022,United States,Data Engineer,Full-time,Senior-level,Remote,200100,USD,200100,Medium
2022,United States,Data Engineer,Full-time,Senior-level,Remote,128875,USD,128875,Medium
2022,United States,Data Analyst,Full-time,Mid-level,Remote,115500,USD,115500,Medium
2022,United States,Data Scientist,Full-time,Senior-level,On-site,95550,USD,95550,Medium
2022,United States,Data Scientist,Full-time,Senior-level,Remote,99360,USD,99360,Medium
2022,United States,Data Scientist,Full-time,Mid-level,On-site,90000,USD,90000,Medium
2022,United States,Data Analyst,Full-time,Senior-level,Remote,120600,USD,120600,Medium
2022,United States,Data Engineer,Full-time,Senior-level,On-site,220110,USD,220110,Medium
2022,United States,Data Engineer,Full-time,Senior-level,On-site,132320,USD,132320,Medium
2022,United States,Data Scientist,Full-time,Senior-level,Remote,165220,USD,165220,Medium
2022,United States,Data Engineer,Full-time,Executive-level,Remote,242000,USD,242000,Medium
2022,United States,Data Engineer,Full-time,Mid-level,On-site,63900,USD,63900,Medium
2022,United States,Data Engineer,Full-time,Senior-level,Remote,100800,USD,100800,Large
2022,United States,Data Engineer,Full-time,Senior-level,Remote,101570,USD,101570,Medium
2022,United States,Data Analyst,Full-time,Senior-level,On-site,164000,USD,164000,Medium
2022,United States,Data Engineer,Full-time,Senior-level,Remote,136994,USD,136994,Medium
2022,United States,Data Engineer,Full-time,Senior-level,Remote,155000,USD,155000,Medium
2022,United States,Data Engineer,Full-time,Senior-level,Remote,209100,USD,209100,Large
2022,United States,Data Scientist,Full-time,Senior-level,Remote,215300,USD,215300,Large
2022,United States,ML Engineer,Full-time,Senior-level,On-site,240000,USD,240000,Medium
2022,United States,Machine Learning Engineer,Full-time,Entry-level,On-site,83000,USD,83000,Large
2022,United States,Data Analyst,Full-time,Senior-level,Remote,150075,USD,150075,Medium
2022,United States,Data Scientist,Full-time,Senior-level,Remote,160000,USD,160000,Large
2022,United States,Data Analyst,Full-time,Senior-level,Remote,109280,USD,109280,Medium
2022,United States,Data Analyst,Full-time,Senior-level,Remote,128875,USD,128875,Medium
2022,United States,Data Science Manager,Full-time,Senior-level,On-site,249260,USD,249260,Medium
2022,United States,Data Engineer,Full-time,Senior-level,On-site,99100,USD,99100,Medium
2022,United States,Data Science Manager,Full-time,Executive-level,On-site,260500,USD,260500,Medium
2022,United States,Data Analyst,Full-time,Entry-level,Remote,150000,USD,150000,Large
2022,United States,Machine Learning Engineer,Full-time,Entry-level,Hybrid,115000,USD,115000,Large
2022,United States,Data Specialist,Full-time,Senior-level,Remote,148700,USD,148700,Large
2022,United States,Machine Learning Scientist,Full-time,Senior-level,On-site,144000,USD,144000,Medium
2022,United States,Data Engineer,Full-time,Senior-level,Remote,115000,USD,115000,Medium
2022,United States,Data Engineer,Full-time,Senior-level,Remote,177600,USD,177600,Large
2022,United States,Data Science Manager,Full-time,Senior-level,Remote,189500,USD,189500,Large
2022,United States,Data Analyst,Full-time,Senior-level,Remote,175000,USD,175000,Medium
2022,United States,Analytics Engineer,Full-time,Senior-level,Remote,135000,USD,135000,Medium
2022,United States,Machine Learning Engineer,Full-time,Senior-level,Remote,200000,USD,200000,Large
2022,United States,Machine Learning Engineer,Full-time,Senior-level,Remote,135000,USD,135000,Medium
2022,United States,ETL Developer,Full-time,Senior-level,On-site,63000,USD,63000,Medium
2022,United States,Analytics Engineer,Full-time,Executive-level,Remote,150000,USD,150000,Medium
2022,United States,Data Science Manager,Full-time,Mid-level,Remote,134000,USD,134000,Medium
2022,United States,Data Engineer,Full-time,Senior-level,On-site,250000,USD,250000,Medium
2022,United States,Data Scientist,Full-time,Mid-level,On-site,160000,USD,160000,Medium
2022,United States,ETL Developer,Full-time,Senior-level,Remote,124270,USD,124270,Medium
2022,United States,Analytics Engineer,Full-time,Senior-level,On-site,152000,USD,152000,Medium
2022,United States,Analytics Engineer,Full-time,Senior-level,On-site,245000,USD,245000,Medium
2022,United States,Machine Learning Infrastructure Engineer,Full-time,Senior-level,Remote,186000,USD,186000,Medium
2022,United States,Machine Learning Infrastructure Engineer,Full-time,Senior-level,Remote,148800,USD,148800,Medium
2022,United States,Data Engineer,Full-time,Senior-level,Remote,126000,USD,126000,Medium
2022,United States,Data Analyst,Full-time,Senior-level,On-site,216200,USD,216200,Medium
2022,United States,Data Science Manager,Full-time,Senior-level,Remote,206000,USD,206000,Medium
2022,United States,Data Science Manager,Full-time,Senior-level,Remote,175100,USD,175100,Medium
2022,United States,Machine Learning Engineer,Full-time,Senior-level,On-site,129300,USD,129300,Medium
2022,United States,Data Analyst,Full-time,Senior-level,Remote,117000,USD,117000,Medium
2022,United States,Data Engineer,Full-time,Senior-level,On-site,188100,USD,188100,Medium
2022,United States,Data Engineer,Full-time,Senior-level,On-site,139860,USD,139860,Medium
2022,United States,Data Analytics Manager,Full-time,Senior-level,Remote,105400,USD,105400,Medium
2022,United States,Data Engineer,Full-time,Senior-level,Remote,131300,USD,131300,Large
2022,United States,Machine Learning Engineer,Full-time,Mid-level,On-site,129300,USD,129300,Medium
2022,United States,Data Scientist,Full-time,Senior-level,Remote,140000,USD,140000,Large
2022,United States,Data Engineer,Full-time,Senior-level,On-site,206699,USD,206699,Medium
2022,United States,Data Science Manager,Full-time,Executive-level,On-site,175100,USD,175100,Medium
2022,United States,Analytics Engineer,Full-time,Mid-level,On-site,54000,USD,54000,Medium
2022,United States,Analytics Engineer,Full-time,Entry-level,Hybrid,130000,USD,130000,Large
2022,United States,Data Scientist,Full-time,Mid-level,Remote,153000,USD,153000,Large
2022,United States,Data Analyst,Full-time,Senior-level,Remote,93700,USD,93700,Medium
2022,United States,Data Engineer,Full-time,Entry-level,Remote,129000,USD,129000,Large
2022,United States,Data Engineer,Full-time,Entry-level,Remote,86000,USD,86000,Large
2022,United States,Data Analyst,Full-time,Senior-level,On-site,90320,USD,90320,Medium
2022,United States,Data Scientist,Full-time,Senior-level,On-site,186000,USD,186000,Medium
2022,United States,Data Science Manager,Full-time,Senior-level,Remote,300000,USD,300000,Medium
2022,United States,Data Science Manager,Full-time,Senior-level,Remote,200000,USD,200000,Medium
2022,United States,Data Engineer,Full-time,Senior-level,On-site,108800,USD,108800,Medium
2022,United States,Data Engineer,Full-time,Senior-level,Remote,154600,USD,154600,Large
2022,United States,Data Scientist,Full-time,Senior-level,Remote,123000,USD,123000,Medium
2022,United States,Data Engineer,Full-time,Senior-level,Remote,165400,USD,165400,Medium
2022,United States,Data Engineer,Full-time,Mid-level,On-site,82900,USD,82900,Medium
2022,United States,Data Scientist,Full-time,Senior-level,On-site,215300,USD,215300,Large
2022,United States,Machine Learning Scientist,Full-time,Mid-level,Remote,112300,USD,112300,Large
2022,United States,Data Science Manager,Full-time,Mid-level,Remote,241000,USD,241000,Medium
2022,United States,Data Analyst,Full-time,Senior-level,Remote,155000,USD,155000,Medium
2022,United States,Data Scientist,Full-time,Senior-level,Remote,120160,USD,120160,Medium
2022,United States,Data Scientist,Full-time,Senior-level,On-site,180000,USD,180000,Large
2022,United States,Data Scientist,Full-time,Senior-level,On-site,120000,USD,120000,Large
2022,United States,Data Scientist,Full-time,Senior-level,Remote,136620,USD,136620,Medium
2022,United States,Data Engineer,Full-time,Mid-level,Remote,170000,USD,170000,Medium
2022,United States,Data Analyst,Full-time,Executive-level,Remote,130000,USD,130000,Medium
2022,United States,Data Analyst,Full-time,Executive-level,Remote,110000,USD,110000,Medium
2022,India,Lead Data Scientist,Full-time,Senior-level,On-site,4460000,INR,56723,Large
2022,United States,Data Engineer,Full-time,Senior-level,Remote,243900,USD,243900,Medium
2022,United States,Head of Data Science,Full-time,Executive-level,Remote,167875,USD,167875,Medium
2022,United States,Analytics Engineer,Full-time,Executive-level,Remote,175000,USD,175000,Medium
2022,United States,Data Engineer,Full-time,Senior-level,Remote,175100,USD,175100,Medium
2022,United States,Data Scientist,Full-time,Senior-level,On-site,140400,USD,140400,Medium
2022,United States,Data Analyst,Full-time,Senior-level,Remote,99050,USD,99050,Medium
2022,United States,Machine Learning Engineer,Full-time,Senior-level,Remote,214000,USD,214000,Medium
2022,United States,Data Engineer,Full-time,Senior-level,Remote,220110,USD,220110,Medium
2022,United States,Data Analyst,Full-time,Senior-level,Remote,80000,USD,80000,Medium
2022,United States,Data Analyst,Full-time,Senior-level,On-site,129000,USD,129000,Medium
2022,United States,Data Analyst,Full-time,Senior-level,Remote,69000,USD,69000,Medium
2022,United States,Machine Learning Engineer,Full-time,Senior-level,Remote,120000,USD,120000,Medium
2022,United States,Data Analyst,Full-time,Mid-level,Remote,50000,USD,50000,Medium
2022,United States,Data Engineer,Full-time,Executive-level,Remote,216000,USD,216000,Medium
2022,United States,Data Scientist,Full-time,Senior-level,Remote,185100,USD,185100,Medium
2022,Puerto Rico,Machine Learning Engineer,Full-time,Senior-level,Remote,135000,USD,135000,Medium
2022,United States,Data Science Manager,Full-time,Senior-level,Remote,152500,USD,152500,Medium
2022,United States,Data Scientist,Full-time,Mid-level,Remote,48000,USD,48000,Small
2022,United States,Data Scientist,Freelance,Mid-level,Remote,100000,USD,100000,Medium
2022,Portugal,Data Engineer,Full-time,Senior-level,On-site,60000,EUR,63040,Medium
2022,Singapore,Data Analyst,Full-time,Mid-level,Hybrid,90000,SGD,65257,Medium
2022,Portugal,Data Engineer,Full-time,Senior-level,On-site,40000,EUR,42026,Medium
2022,Portugal,Lead Machine Learning Engineer,Full-time,Senior-level,Remote,66000,EUR,69344,Large
2022,Netherlands,Machine Learning Engineer,Full-time,Senior-level,Remote,57000,EUR,59888,Large
2022,Poland,Data Scientist,Full-time,Mid-level,Remote,150000,PLN,33609,Large
2022,Netherlands,Data Scientist,Full-time,Mid-level,Hybrid,70000,EUR,73546,Large
2022,Netherlands,Data Scientist,Full-time,Mid-level,Remote,52000,EUR,54634,Small
2022,Lithuania,Data Engineer,Full-time,Mid-level,On-site,105120,EUR,110446,Medium
2022,Mexico,Machine Learning Engineer,Full-time,Senior-level,Remote,185000,USD,185000,Medium
2022,Italy,Data Science Consultant,Full-time,Entry-level,Hybrid,23000,EUR,24165,Medium
2022,Italy,Data Management Specialist,Full-time,Senior-level,On-site,65000,EUR,68293,Large
2022,United Kingdom,Data Engineer,Full-time,Senior-level,Remote,66822,GBP,82280,Medium
2022,India,Lead Machine Learning Engineer,Full-time,Senior-level,Hybrid,7500000,INR,95386,Large
2022,Ireland,Lead Data Scientist,Full-time,Senior-level,Remote,164000,EUR,172309,Large
2022,Ireland,Machine Learning Engineer,Full-time,Senior-level,Remote,65000,EUR,68293,Small
2022,Greece,Data Analyst,Full-time,Mid-level,Remote,20000,USD,20000,Small
2022,Greece,Data Analyst,Full-time,Mid-level,Remote,30000,EUR,31520,Medium
2022,United Kingdom,Data Scientist,Full-time,Mid-level,Remote,45000,GBP,55410,Medium
2022,United Kingdom,Research Engineer,Full-time,Mid-level,Hybrid,100000,EUR,105066,Small
2022,United Kingdom,Data Engineer,Full-time,Entry-level,Remote,50000,GBP,61566,Medium
2022,United Kingdom,Data Science Consultant,Full-time,Mid-level,On-site,42000,GBP,51716,Medium
2022,United Kingdom,Analytics Engineer,Full-time,Mid-level,On-site,60000,GBP,73880,Medium
2022,United Kingdom,Data Engineer,Full-time,Senior-level,Remote,50000,GBP,61566,Medium
2022,United Kingdom,Data Engineer,Full-time,Mid-level,On-site,90000,GBP,110820,Medium
2022,United Kingdom,Analytics Engineer,Full-time,Senior-level,On-site,75000,GBP,92350,Medium
2022,United Kingdom,Data Engineer,Full-time,Mid-level,Remote,55000,GBP,67723,Medium
2022,United Kingdom,Data Scientist,Full-time,Mid-level,Remote,83000,GBP,102200,Medium
2022,United Kingdom,Data Engineer,Full-time,Mid-level,Remote,45000,GBP,55410,Medium
2022,United Kingdom,Data Engineer,Full-time,Mid-level,On-site,80000,GBP,98506,Medium
2022,United Kingdom,Data Scientist,Full-time,Mid-level,Remote,107000,GBP,131752,Medium
2022,United Kingdom,Applied Machine Learning Scientist,Full-time,Senior-level,Remote,73400,EUR,77119,Large
2022,United Kingdom,Machine Learning Engineer,Full-time,Mid-level,On-site,75000,GBP,92350,Medium
2022,United Kingdom,Machine Learning Engineer,Full-time,Mid-level,On-site,95000,GBP,116976,Medium
2022,United Kingdom,Data Analyst,Full-time,Mid-level,Remote,30000,GBP,36940,Medium
2022,United Kingdom,Data Analyst,Full-time,Mid-level,Remote,40000,GBP,49253,Medium
2022,France,Data Scientist,Full-time,Mid-level,Remote,50000,EUR,52533,Medium
2022,United Kingdom,Data Scientist,Full-time,Mid-level,On-site,30000,GBP,36940,Medium
2022,United Kingdom,Data Engineer,Full-time,Entry-level,Remote,35000,GBP,43096,Medium
2022,United Kingdom,Data Scientist,Full-time,Senior-level,On-site,80000,GBP,98506,Medium
2022,France,Data Scientist,Full-time,Mid-level,Remote,90000,EUR,94560,Medium
2022,United Kingdom,Data Analyst,Full-time,Mid-level,On-site,50000,GBP,61566,Medium
2022,France,Machine Learning Engineer,Full-time,Senior-level,Hybrid,80000,EUR,84053,Large
2022,United Kingdom,Data Scientist,Full-time,Mid-level,On-site,70000,GBP,86193,Medium
2022,United States,Data Scientist,Full-time,Senior-level,On-site,160000,USD,160000,Large
2022,United States,Product Data Analyst,Full-time,Mid-level,Remote,140000,USD,140000,Medium
2022,United States,Data Scientist,Full-time,Senior-level,Remote,170000,USD,170000,Medium
2022,United States,Data Specialist,Full-time,Senior-level,Remote,95000,USD,95000,Medium
2022,United States,Data Science Manager,Full-time,Mid-level,Remote,158000,USD,158000,Medium
2022,United States,ETL Developer,Full-time,Senior-level,Remote,146200,USD,146200,Medium
2022,United States,Data Analyst,Full-time,Mid-level,On-site,113000,USD,113000,Large
2022,United States,Analytics Engineer,Full-time,Senior-level,On-site,63000,USD,63000,Medium
2022,United States,Data Scientist,Full-time,Senior-level,On-site,136100,USD,136100,Medium
2022,United States,Data Operations Analyst,Full-time,Senior-level,Remote,66000,USD,66000,Medium
2022,United States,Data Operations Analyst,Full-time,Senior-level,Remote,81000,USD,81000,Medium
2022,United States,Data Scientist,Full-time,Senior-level,On-site,141525,USD,141525,Medium
2022,United States,Data Scientist,Full-time,Senior-level,Remote,179400,USD,179400,Medium
2022,United States,Data Scientist,Full-time,Senior-level,On-site,191475,USD,191475,Medium
2022,United States,Analytics Engineer,Full-time,Senior-level,Remote,140250,USD,140250,Medium
2022,United States,Data Scientist,Full-time,Senior-level,On-site,130240,USD,130240,Medium
2022,United States,Data Engineer,Full-time,Senior-level,On-site,164000,USD,164000,Medium
2022,United States,Data Engineer,Full-time,Senior-level,On-site,215000,USD,215000,Medium
2022,United States,Data Analyst,Full-time,Mid-level,Remote,112000,USD,112000,Medium
2022,United States,Data Scientist,Full-time,Entry-level,On-site,73000,USD,73000,Medium
2022,United States,Data Scientist,Full-time,Senior-level,On-site,151800,USD,151800,Medium
2022,United States,Data Analyst,Full-time,Mid-level,Remote,136000,USD,136000,Medium
2022,United States,Data Scientist,Full-time,Entry-level,On-site,93000,USD,93000,Medium
2022,United States,Data Engineer,Full-time,Executive-level,Remote,260000,USD,260000,Medium
2022,United States,Data Science Manager,Full-time,Executive-level,On-site,182160,USD,182160,Medium
2022,United States,Data Science Manager,Full-time,Executive-level,On-site,222640,USD,222640,Medium
2022,United States,Machine Learning Scientist,Full-time,Senior-level,On-site,193900,USD,193900,Medium
2022,United States,Data Scientist,Full-time,Senior-level,Remote,165000,USD,165000,Large
2022,United States,Data Scientist,Full-time,Senior-level,On-site,154000,USD,154000,Medium
2022,United States,Data Scientist,Full-time,Senior-level,Remote,180000,USD,180000,Large
2022,United States,Analytics Engineer,Full-time,Senior-level,Remote,190000,USD,190000,Medium
2022,United States,Machine Learning Engineer,Full-time,Senior-level,Remote,195400,USD,195400,Large
2022,United States,Data Architect,Full-time,Senior-level,Remote,131300,USD,131300,Large
2022,United States,Data Analyst,Full-time,Senior-level,Remote,113000,USD,113000,Medium
2022,United States,Data Engineer,Full-time,Senior-level,On-site,141300,USD,141300,Medium
2022,United States,Data Engineer,Full-time,Senior-level,On-site,113000,USD,113000,Large
2022,United States,Data Architect,Full-time,Senior-level,On-site,63000,USD,63000,Medium
2022,United States,Data Scientist,Full-time,Senior-level,On-site,204100,USD,204100,Medium
2022,United States,Data Engineer,Full-time,Executive-level,Remote,297500,USD,297500,Medium
2022,United States,Data Engineer,Full-time,Senior-level,Remote,105000,USD,105000,Medium
2022,United States,Data Analyst,Full-time,Senior-level,Remote,144000,USD,144000,Medium
2022,United States,Data Operations Engineer,Full-time,Mid-level,Remote,60000,USD,60000,Medium
2022,United States,ML Engineer,Full-time,Senior-level,Remote,84000,USD,84000,Medium
2022,United States,Data Scientist,Full-time,Senior-level,On-site,145300,USD,145300,Medium
2022,United States,Data Scientist,Full-time,Senior-level,On-site,218000,USD,218000,Medium
2022,United States,Data Scientist,Full-time,Senior-level,Remote,191475,USD,191475,Medium
2022,United States,Data Scientist,Full-time,Senior-level,Remote,159200,USD,159200,Large
2022,United States,Data Scientist,Full-time,Senior-level,Remote,128000,USD,128000,Medium
2022,United States,Data Scientist,Full-time,Senior-level,Remote,236900,USD,236900,Large
2022,United States,Data Analyst,Full-time,Senior-level,Remote,99750,USD,99750,Medium
2022,United States,Data Engineer,Full-time,Senior-level,On-site,154545,USD,154545,Large
2022,United States,Data Engineer,Full-time,Senior-level,On-site,229998,USD,229998,Large
2022,United States,Data Engineer,Full-time,Executive-level,Remote,116100,USD,116100,Medium
2022,United States,Data Engineer,Full-time,Senior-level,Remote,85000,USD,85000,Medium
2022,United States,Data Scientist Lead,Full-time,Senior-level,Remote,183000,USD,183000,Large
2022,United States,Data Engineer,Full-time,Executive-level,Remote,187200,USD,187200,Medium
2022,United States,Data Engineer,Full-time,Senior-level,Remote,160000,USD,160000,Medium
2022,United States,Data Engineer,Full-time,Senior-level,Remote,132100,USD,132100,Large
2022,United States,Data Engineer,Full-time,Senior-level,Remote,165000,USD,165000,Medium
2022,United States,Analytics Engineer,Full-time,Mid-level,Remote,85000,USD,85000,Medium
2022,United States,Data Engineer,Full-time,Senior-level,Remote,180000,USD,180000,Medium
2022,United States,Applied Scientist,Full-time,Senior-level,Remote,141525,USD,141525,Medium
2022,United States,Data Engineer,Full-time,Senior-level,Remote,200000,USD,200000,Medium
2022,United States,Applied Scientist,Full-time,Senior-level,Remote,191475,USD,191475,Medium
2022,United States,Data Scientist,Full-time,Senior-level,Remote,198440,USD,198440,Medium
2022,United States,Data Scientist,Full-time,Mid-level,Hybrid,108000,USD,108000,Large
2022,United States,Data Architect,Full-time,Senior-level,Remote,160000,USD,160000,Medium
2022,United States,Data Scientist,Full-time,Mid-level,Remote,115360,USD,115360,Medium
2022,United States,Data Analyst,Full-time,Mid-level,On-site,105000,USD,105000,Medium
2022,United States,Data Engineer,Full-time,Senior-level,Remote,178800,USD,178800,Large
2022,United States,Data Engineer,Full-time,Senior-level,Remote,160395,USD,160395,Medium
2022,United States,Data Scientist,Full-time,Mid-level,Remote,144200,USD,144200,Medium
2022,United States,Data Manager,Full-time,Mid-level,On-site,98000,USD,98000,Medium
2022,United States,Data Architect,Full-time,Senior-level,Remote,66000,USD,66000,Medium
2022,United States,Data Engineer,Full-time,Senior-level,Remote,50000,USD,50000,Medium
2022,United States,Data Engineer,Full-time,Senior-level,Remote,185000,USD,185000,Medium
2022,United States,Data Analyst,Full-time,Senior-level,On-site,139600,USD,139600,Medium
2022,United States,Data Scientist,Full-time,Senior-level,Remote,55000,USD,55000,Small
2022,United States,Data Science Consultant,Full-time,Senior-level,On-site,139000,USD,139000,Medium
2022,United States,Data Scientist,Full-time,Senior-level,Remote,120000,USD,120000,Small
2022,United States,Data Scientist,Full-time,Senior-level,On-site,123400,USD,123400,Medium
2022,United States,Data Analyst,Full-time,Mid-level,On-site,85000,USD,85000,Medium
2022,United States,Data Scientist,Full-time,Senior-level,Remote,38000,USD,38000,Medium
2022,United States,Machine Learning Engineer,Full-time,Entry-level,On-site,108000,USD,108000,Small
2022,United States,Data Engineer,Full-time,Senior-level,On-site,105700,USD,105700,Large
2022,United States,Data Scientist,Full-time,Senior-level,Remote,50000,USD,50000,Medium
2022,United States,Data Science Lead,Full-time,Senior-level,Hybrid,165000,USD,165000,Small
2022,United States,Data Engineer,Full-time,Senior-level,On-site,205600,USD,205600,Large
2022,United States,Data Analyst,Full-time,Senior-level,Remote,175950,USD,175950,Medium
2022,United States,Data Engineer,Full-time,Senior-level,On-site,171000,USD,171000,Medium
2022,United States,Data Scientist,Full-time,Senior-level,On-site,122500,USD,122500,Medium
2022,United States,Data Operations Engineer,Full-time,Senior-level,On-site,70000,USD,70000,Medium
2022,United States,Data Analyst,Full-time,Mid-level,On-site,52500,USD,52500,Medium
2022,United States,Data Operations Engineer,Full-time,Senior-level,On-site,105000,USD,105000,Medium
2022,United States,Data Analyst,Full-time,Mid-level,On-site,80000,USD,80000,Medium
2022,United States,Analytics Engineer,Full-time,Executive-level,Remote,210000,USD,210000,Medium
2022,United States,Data Engineer,Full-time,Senior-level,Remote,97000,USD,97000,Medium
2022,United States,ML Engineer,Full-time,Mid-level,Remote,100000,USD,100000,Medium
2022,United States,Data Operations Analyst,Full-time,Senior-level,On-site,92250,USD,92250,Medium
2022,United States,Data Analyst,Part-time,Entry-level,Hybrid,125404,USD,125404,Small
2022,United States,Data Architect,Full-time,Senior-level,Remote,225000,USD,225000,Medium
2022,United States,Data Architect,Full-time,Senior-level,On-site,230400,USD,230400,Medium
2022,United States,Data Engineer,Full-time,Senior-level,On-site,180000,USD,180000,Medium
2022,United States,Data Operations Analyst,Full-time,Senior-level,On-site,123000,USD,123000,Medium
2022,United States,Research Engineer,Full-time,Mid-level,Remote,240000,USD,240000,Medium
2022,United States,Data Scientist,Full-time,Senior-level,Remote,180000,USD,180000,Medium
2022,United States,Data Engineer,Full-time,Senior-level,Remote,166000,USD,166000,Medium
2022,United States,Data Engineer,Full-time,Senior-level,Remote,275000,USD,275000,Medium
2022,United States,Data Analyst,Full-time,Senior-level,On-site,150000,USD,150000,Medium
2022,United States,Data Scientist,Full-time,Senior-level,On-site,198440,USD,198440,Medium
2022,United States,Data Analyst,Full-time,Entry-level,Remote,64000,USD,64000,Large
2022,United States,Data Engineer,Full-time,Senior-level,On-site,240000,USD,240000,Medium
2022,United States,Data Scientist,Full-time,Senior-level,On-site,198440,USD,198440,Large
2022,United States,Head of Data,Full-time,Executive-level,On-site,205000,USD,205000,Medium
2022,United States,Data Engineer,Full-time,Senior-level,Remote,161000,USD,161000,Medium
2022,United States,Data Scientist,Full-time,Mid-level,Remote,85000,USD,85000,Medium
2022,United States,Data Engineer,Full-time,Senior-level,On-site,172200,USD,172200,Medium
2022,United States,Data Engineer,Full-time,Senior-level,On-site,220000,USD,220000,Medium
2022,United States,Data Scientist,Full-time,Mid-level,Remote,100000,USD,100000,Medium
2022,United States,Data Engineer,Full-time,Senior-level,On-site,247500,USD,247500,Medium
2022,United States,Data Engineer,Full-time,Senior-level,Remote,170000,USD,170000,Medium
2022,United States,Data Engineer,Full-time,Senior-level,Remote,128500,USD,128500,Medium
2022,United States,Data Engineer,Full-time,Senior-level,Remote,182500,USD,182500,Medium
2022,United States,Data Scientist,Full-time,Senior-level,Remote,156600,USD,156600,Medium
2022,United States,Data Engineer,Full-time,Senior-level,Remote,142127,USD,142127,Medium
2022,United States,Data Scientist,Full-time,Senior-level,Remote,243900,USD,243900,Medium
2022,United States,Data Engineer,Full-time,Senior-level,Remote,179305,USD,179305,Medium
2022,United States,Data Architect,Full-time,Senior-level,Remote,192564,USD,192564,Medium
2022,United States,Data Engineer,Full-time,Senior-level,Remote,100000,USD,100000,Medium
2022,United States,Data Engineer,Full-time,Senior-level,Remote,135000,USD,135000,Medium
2022,United States,Data Engineer,Full-time,Mid-level,On-site,170000,USD,170000,Medium
2022,United States,Machine Learning Engineer,Full-time,Senior-level,On-site,119000,USD,119000,Medium
2022,United States,Data Architect,Full-time,Senior-level,Remote,136000,USD,136000,Medium
2022,United States,Data Scientist,Full-time,Senior-level,Remote,134000,USD,134000,Medium
2022,United States,Data Analyst,Full-time,Senior-level,On-site,123648,USD,123648,Medium
2022,United States,Machine Learning Engineer,Full-time,Senior-level,On-site,201000,USD,201000,Medium
2022,United States,Data Scientist,Full-time,Senior-level,Remote,350000,USD,350000,Medium
2022,United States,Machine Learning Engineer,Full-time,Senior-level,On-site,172200,USD,172200,Medium
2022,United States,Machine Learning Engineer,Full-time,Senior-level,On-site,247500,USD,247500,Medium
2022,United States,Data Scientist,Full-time,Senior-level,Remote,205000,USD,205000,Medium
2022,United States,Data Scientist,Full-time,Senior-level,Remote,208000,USD,208000,Medium
2022,United States,Research Scientist,Full-time,Senior-level,Remote,196000,USD,196000,Medium
2022,United States,Data Engineer,Full-time,Senior-level,Remote,116250,USD,116250,Medium
2022,United States,Analytics Engineer,Full-time,Senior-level,Remote,138750,USD,138750,Medium
2022,United States,Data Engineer,Full-time,Senior-level,Remote,231250,USD,231250,Medium
2022,United States,Data Scientist,Full-time,Entry-level,On-site,80000,USD,80000,Medium
2022,United States,Data Engineer,Full-time,Mid-level,Remote,175000,USD,175000,Medium
2022,United States,Analytics Engineer,Full-time,Senior-level,Remote,116250,USD,116250,Medium
2022,United States,Data Engineer,Full-time,Mid-level,Remote,135000,USD,135000,Medium
2022,United States,Analytics Engineer,Full-time,Senior-level,Remote,193750,USD,193750,Medium
2022,United States,Data Engineer,Full-time,Senior-level,Remote,138750,USD,138750,Medium
2022,United States,Data Scientist,Full-time,Senior-level,On-site,156400,USD,156400,Medium
2022,United States,Data Engineer,Full-time,Senior-level,Remote,193750,USD,193750,Medium
2022,United States,Research Scientist,Full-time,Senior-level,Remote,300000,USD,300000,Medium
2022,United States,Data Scientist,Full-time,Senior-level,Remote,127000,USD,127000,Medium
2022,United States,Data Scientist,Full-time,Senior-level,On-site,225000,USD,225000,Medium
2022,United States,Data Scientist,Full-time,Senior-level,Remote,185000,USD,185000,Medium
2022,United States,Data Science Tech Lead,Full-time,Senior-level,Hybrid,375000,USD,375000,Large
2022,United States,Data Analyst,Full-time,Senior-level,On-site,110000,USD,110000,Medium
2022,United States,Data Engineer,Full-time,Senior-level,Remote,236000,USD,236000,Medium
2022,United States,Data Scientist,Full-time,Senior-level,Remote,135000,USD,135000,Medium
2022,United States,Data Analyst,Full-time,Senior-level,On-site,154560,USD,154560,Medium
2022,United States,Data Engineer,Full-time,Senior-level,Remote,175000,USD,175000,Medium
2022,United States,Data Scientist,Full-time,Senior-level,Remote,177500,USD,177500,Medium
2022,United States,Data Engineer,Full-time,Mid-level,On-site,145000,USD,145000,Medium
2022,United States,Data Scientist,Full-time,Senior-level,On-site,172200,USD,172200,Medium
2022,United States,Data Scientist,Full-time,Senior-level,On-site,247500,USD,247500,Medium
2022,United States,Data Architect,Full-time,Senior-level,Remote,210000,USD,210000,Medium
2022,United States,Data Architect,Full-time,Senior-level,Remote,144854,USD,144854,Medium
2022,United States,Data Engineer,Full-time,Senior-level,Remote,225000,USD,225000,Medium
2022,United States,Data Engineer,Full-time,Senior-level,Remote,315000,USD,315000,Medium
2022,United States,Data Analyst,Full-time,Senior-level,Remote,110000,USD,110000,Medium
2022,United States,Data Analyst,Full-time,Mid-level,On-site,79000,USD,79000,Medium
2022,United States,Data Manager,Full-time,Entry-level,Remote,45600,USD,45600,Medium
2022,United States,Data Manager,Full-time,Entry-level,Remote,77300,USD,77300,Medium
2022,United States,Data Analyst,Full-time,Senior-level,On-site,52500,USD,52500,Medium
2022,United States,Data Engineer,Full-time,Senior-level,Remote,140000,USD,140000,Medium
2022,United States,Data Engineer,Full-time,Senior-level,On-site,184100,USD,184100,Medium
2022,United States,Data Engineer,Full-time,Senior-level,On-site,225000,USD,225000,Medium
2022,United States,Data Scientist,Full-time,Senior-level,On-site,180000,USD,180000,Medium
2022,United States,Data Scientist,Full-time,Mid-level,Remote,78000,USD,78000,Medium
2022,United States,Data Scientist,Full-time,Senior-level,On-site,245000,USD,245000,Medium
2022,United States,Head of Data,Full-time,Executive-level,On-site,160000,USD,160000,Medium
2022,United States,Data Analyst,Full-time,Senior-level,On-site,80000,USD,80000,Medium
2022,United States,Data Scientist,Full-time,Senior-level,On-site,144000,USD,144000,Large
2022,United States,Data Analyst,Full-time,Mid-level,Remote,150000,USD,150000,Medium
2022,United States,Data Scientist,Full-time,Senior-level,On-site,144000,USD,144000,Medium
2022,United States,BI Analyst,Full-time,Entry-level,Hybrid,76000,USD,76000,Large
2022,United States,Data Analyst,Full-time,Senior-level,On-site,127000,USD,127000,Medium
2022,United States,Data Scientist,Full-time,Senior-level,On-site,138938,USD,138938,Medium
2022,United States,Data Scientist,Full-time,Senior-level,On-site,159699,USD,159699,Medium
2022,United States,Data Engineer,Full-time,Senior-level,On-site,195700,USD,195700,Medium
2022,United States,Data Analyst,Full-time,Senior-level,Remote,135000,USD,135000,Medium
2022,United States,Data Engineer,Full-time,Senior-level,On-site,110000,USD,110000,Medium
2022,United States,Data Engineer,Full-time,Senior-level,Remote,195000,USD,195000,Medium
2022,United States,Data Engineer,Full-time,Senior-level,On-site,260000,USD,260000,Medium
2022,United States,ML Engineer,Full-time,Mid-level,Remote,180000,USD,180000,Medium
2022,United States,Machine Learning Engineer,Full-time,Senior-level,Remote,180000,USD,180000,Medium
2022,United States,Data Engineer,Full-time,Senior-level,Remote,90000,USD,90000,Medium
2022,United States,Data Architect,Full-time,Senior-level,On-site,345600,USD,345600,Medium
2022,United States,Analytics Engineer,Full-time,Executive-level,Remote,157000,USD,157000,Medium
2022,United States,Data Architect,Full-time,Senior-level,On-site,81500,USD,81500,Medium
2022,United States,Data Architect,Full-time,Senior-level,On-site,128000,USD,128000,Medium
2022,United States,Data Scientist,Full-time,Senior-level,On-site,104300,USD,104300,Large
2022,United States,Data Scientist,Full-time,Senior-level,On-site,175000,USD,175000,Medium
2022,United States,Data Scientist,Full-time,Senior-level,On-site,202800,USD,202800,Large
2022,United States,Data Engineer,Full-time,Senior-level,On-site,117000,USD,117000,Medium
2022,United States,Data Analyst,Full-time,Senior-level,Remote,95000,USD,95000,Medium
2022,United States,Data Analyst,Full-time,Senior-level,Remote,130050,USD,130050,Medium
2022,United States,Data Scientist,Full-time,Entry-level,Remote,80000,USD,80000,Large
2022,United States,Data Analyst,Full-time,Senior-level,Remote,236600,USD,236600,Medium
2022,United States,Data Scientist,Full-time,Senior-level,Remote,106800,USD,106800,Medium
2022,United States,Data Scientist,Full-time,Senior-level,Remote,155000,USD,155000,Medium
2022,United States,Data Scientist,Full-time,Senior-level,Remote,153600,USD,153600,Medium
2022,United States,Data Analyst,Full-time,Mid-level,On-site,65000,USD,65000,Medium
2022,United States,Data Analyst,Full-time,Senior-level,Remote,115000,USD,115000,Medium
2022,United States,Data Scientist,Full-time,Senior-level,On-site,88100,USD,88100,Medium
2022,United States,Analytics Engineer,Full-time,Senior-level,On-site,120000,USD,120000,Medium
2022,United States,Analytics Engineer,Full-time,Senior-level,On-site,150000,USD,150000,Medium
2022,United States,ML Engineer,Full-time,Mid-level,Remote,98200,USD,98200,Large
2022,United States,Data Analyst,Full-time,Senior-level,On-site,85700,USD,85700,Medium
2022,United States,ML Engineer,Full-time,Mid-level,Remote,148500,USD,148500,Large
2022,United States,Data Scientist,Full-time,Senior-level,Remote,200000,USD,200000,Medium
2022,United States,Data Analyst,Full-time,Senior-level,On-site,99000,USD,99000,Medium
2022,United States,Data Manager,Full-time,Mid-level,On-site,134000,USD,134000,Medium
2022,United States,BI Data Analyst,Full-time,Entry-level,Remote,57000,USD,57000,Large
2022,United States,Data Analyst,Full-time,Mid-level,On-site,62000,USD,62000,Medium
2022,United States,Data Engineer,Full-time,Senior-level,Remote,188700,USD,188700,Medium
2022,United States,Data Architect,Full-time,Senior-level,Remote,180000,USD,180000,Medium
2022,United States,Machine Learning Manager,Full-time,Senior-level,Remote,150000,USD,150000,Medium
2022,United States,Machine Learning Manager,Full-time,Senior-level,Remote,200000,USD,200000,Medium
2022,United States,Data Analytics Engineer,Full-time,Mid-level,Remote,135000,USD,135000,Large
2022,United States,Data Scientist,Full-time,Senior-level,Remote,144000,USD,144000,Medium
2022,United States,Data Analyst,Contract,Senior-level,Remote,90000,USD,90000,Medium
2022,United States,Lead Data Scientist,Full-time,Senior-level,Remote,156868,USD,156868,Large
2022,United States,Analytics Engineer,Full-time,Senior-level,Remote,110000,USD,110000,Medium
2022,United States,Analytics Engineer,Full-time,Mid-level,Remote,108000,USD,108000,Medium
2022,United States,Analytics Engineer,Full-time,Senior-level,Remote,130000,USD,130000,Medium
2022,United States,Data Engineer,Full-time,Senior-level,Remote,132000,USD,132000,Medium
2022,United States,Data Scientist,Full-time,Senior-level,Remote,153000,USD,153000,Medium
2022,United States,Data Analyst,Full-time,Entry-level,Hybrid,20000,USD,20000,Medium
2022,United States,ETL Developer,Full-time,Senior-level,Remote,63000,USD,63000,Medium
2022,United States,ETL Developer,Full-time,Senior-level,Remote,250000,USD,250000,Medium
2022,United States,AI Scientist,Full-time,Entry-level,Remote,50000,USD,50000,Medium
2022,United States,Data Engineer,Full-time,Senior-level,Remote,145000,USD,145000,Medium
2022,United States,Data Scientist,Full-time,Senior-level,On-site,159000,USD,159000,Large
2022,United States,Data Scientist,Full-time,Senior-level,On-site,215000,USD,215000,Large
2022,United States,Data Scientist,Full-time,Senior-level,Remote,207000,USD,207000,Medium
2022,United States,Data Analyst,Full-time,Senior-level,Remote,68400,USD,68400,Medium
2022,United States,Data Science Manager,Full-time,Senior-level,Remote,179775,USD,179775,Medium
2022,United States,Data Science Manager,Full-time,Senior-level,Remote,243225,USD,243225,Medium
2022,United States,Data Specialist,Full-time,Entry-level,Remote,105000,USD,105000,Large
2022,United States,Data Scientist,Full-time,Senior-level,Remote,141525,USD,141525,Medium
2022,United States,ML Engineer,Full-time,Senior-level,Remote,131300,USD,131300,Large
2022,United States,ML Engineer,Full-time,Senior-level,Remote,195400,USD,195400,Large
2022,France,Machine Learning Engineer,Full-time,Senior-level,Remote,70000,EUR,73546,Medium
2022,United States,Data Operations Engineer,Full-time,Mid-level,Remote,100000,USD,100000,Medium
2022,United States,Business Data Analyst,Full-time,Mid-level,Remote,150000,USD,150000,Large
2022,United States,Data Engineer,Full-time,Senior-level,On-site,102100,USD,102100,Medium
2022,United States,NLP Engineer,Contract,Mid-level,Remote,60000,USD,60000,Small
2022,United States,Data Architect,Full-time,Senior-level,Remote,195400,USD,195400,Large
2022,United States,Data Engineer,Full-time,Senior-level,Remote,80000,USD,80000,Medium
2022,United States,Machine Learning Engineer,Full-time,Senior-level,Remote,131300,USD,131300,Large
2022,United States,Analytics Engineer,Full-time,Senior-level,Remote,100000,USD,100000,Medium
2022,United States,Analytics Engineer,Full-time,Senior-level,Remote,140000,USD,140000,Medium
2022,United States,Data Scientist,Full-time,Senior-level,On-site,179400,USD,179400,Medium
2022,United States,Applied Machine Learning Scientist,Full-time,Senior-level,On-site,108000,USD,108000,Large
2022,United States,Analytics Engineer,Full-time,Senior-level,Remote,122500,USD,122500,Medium
2022,United States,Machine Learning Scientist,Full-time,Senior-level,On-site,129300,USD,129300,Medium
2022,United States,Data Engineer,Full-time,Mid-level,On-site,100000,USD,100000,Medium
2022,United States,Data Engineer,Full-time,Mid-level,On-site,150000,USD,150000,Medium
2022,United States,AI Scientist,Full-time,Executive-level,Remote,200000,USD,200000,Small
2022,United States,Data Engineer,Full-time,Senior-level,Remote,193000,USD,193000,Medium
2022,United States,Data Scientist,Full-time,Senior-level,Remote,101570,USD,101570,Medium
2022,United States,Data Scientist,Full-time,Senior-level,Remote,136994,USD,136994,Medium
2022,United States,Applied Scientist,Full-time,Senior-level,Remote,142800,USD,142800,Medium
2022,United States,Data Scientist,Full-time,Senior-level,Remote,172000,USD,172000,Medium
2022,United States,Applied Scientist,Full-time,Senior-level,Remote,212800,USD,212800,Medium
2022,United States,Data Analyst,Full-time,Mid-level,Remote,97500,USD,97500,Large
2022,United States,Machine Learning Scientist,Full-time,Executive-level,Remote,180000,USD,180000,Small
2022,United States,Analytics Engineer,Full-time,Senior-level,Remote,165000,USD,165000,Medium
2022,United States,Financial Data Analyst,Full-time,Mid-level,On-site,75000,USD,75000,Medium
2022,United States,Data Scientist,Full-time,Senior-level,Remote,154000,USD,154000,Medium
2022,United States,Machine Learning Scientist,Full-time,Executive-level,Remote,200000,USD,200000,Small
2022,United States,Data Analyst,Full-time,Senior-level,On-site,115000,USD,115000,Large
2022,United States,Data Engineer,Full-time,Entry-level,Remote,80000,USD,80000,Large
2022,United States,Data Analyst,Full-time,Entry-level,Remote,46000,USD,46000,Large
2022,United States,Data Architect,Full-time,Senior-level,On-site,250000,USD,250000,Medium
2022,United States,Analytics Engineer,Full-time,Senior-level,On-site,250000,USD,250000,Medium
2022,United States,Applied Machine Learning Scientist,Full-time,Mid-level,Remote,75000,USD,75000,Medium
2022,United States,Data Specialist,Full-time,Senior-level,Remote,70000,USD,70000,Medium
2022,United States,Data Engineer,Full-time,Senior-level,On-site,90000,USD,90000,Medium
2022,United States,Data Analytics Consultant,Full-time,Mid-level,Remote,113000,USD,113000,Large
2022,United States,Research Scientist,Full-time,Mid-level,Hybrid,145000,USD,145000,Large
2022,United States,Data Scientist,Full-time,Senior-level,On-site,119300,USD,119300,Large
2022,United States,Machine Learning Engineer,Full-time,Senior-level,Remote,148800,USD,148800,Medium
2022,United States,Data Scientist,Full-time,Mid-level,On-site,225000,USD,225000,Medium
2022,United States,Analytics Engineer,Full-time,Senior-level,On-site,203500,USD,203500,Medium
2022,United States,Analytics Engineer,Full-time,Senior-level,On-site,180000,USD,180000,Medium
2022,United States,Machine Learning Engineer,Full-time,Senior-level,Remote,186000,USD,186000,Medium
2022,United States,Data Engineer,Full-time,Senior-level,On-site,63000,USD,63000,Medium
2022,United States,Applied Machine Learning Scientist,Full-time,Mid-level,Hybrid,173000,USD,173000,Medium
2022,United States,Data Scientist,Full-time,Entry-level,On-site,82000,USD,82000,Large
2022,United States,Data Architect,Full-time,Senior-level,On-site,102100,USD,102100,Medium
2022,United States,Analytics Engineer,Full-time,Executive-level,Remote,200000,USD,200000,Medium
2022,United States,ETL Developer,Full-time,Senior-level,On-site,250000,USD,250000,Medium
2022,United States,Data Analyst,Full-time,Senior-level,On-site,144100,USD,144100,Medium
2022,United States,Data Engineer,Full-time,Senior-level,Remote,154000,USD,154000,Medium
2022,United States,Machine Learning Engineer,Full-time,Senior-level,Remote,85000,USD,85000,Medium
2022,United States,Machine Learning Engineer,Full-time,Senior-level,On-site,164996,USD,164996,Medium
2022,United States,Machine Learning Engineer,Full-time,Senior-level,On-site,189650,USD,189650,Medium
2022,United States,Data Architect,Full-time,Senior-level,On-site,141300,USD,141300,Medium
2022,United States,Machine Learning Engineer,Full-time,Senior-level,Remote,150000,USD,150000,Large
2022,United States,Machine Learning Engineer,Full-time,Senior-level,On-site,193900,USD,193900,Medium
2022,United States,Data Analyst,Full-time,Senior-level,Remote,99450,USD,99450,Medium
2022,United States,Data Scientist,Full-time,Senior-level,On-site,205000,USD,205000,Medium
2022,United States,Data Analyst,Full-time,Senior-level,Remote,130000,USD,130000,Medium
2022,United States,Machine Learning Engineer,Full-time,Senior-level,On-site,167100,USD,167100,Medium
2022,United States,Machine Learning Engineer,Full-time,Senior-level,On-site,248700,USD,248700,Medium
2022,United States,Data Engineer,Full-time,Senior-level,On-site,160000,USD,160000,Large
2022,United States,Data Science Manager,Full-time,Senior-level,Remote,140100,USD,140100,Large
2022,United States,Machine Learning Engineer,Full-time,Senior-level,Remote,202900,USD,202900,Large
2022,United States,Data Engineer,Full-time,Mid-level,On-site,24000,USD,24000,Medium
2022,United States,Machine Learning Scientist,Full-time,Senior-level,On-site,216000,USD,216000,Medium
2022,United States,Machine Learning Engineer,Full-time,Mid-level,On-site,193900,USD,193900,Medium
2022,United States,Data Analyst,Full-time,Mid-level,On-site,144100,USD,144100,Medium
2022,United States,Data Analyst,Full-time,Mid-level,On-site,216200,USD,216200,Medium
2022,United States,Data Specialist,Full-time,Senior-level,Remote,221300,USD,221300,Large
2022,United States,Analytics Engineer,Full-time,Senior-level,Remote,48000,USD,48000,Small
2022,United States,Data Analyst,Full-time,Mid-level,Remote,130000,USD,130000,Medium
2022,United States,Data Analyst,Full-time,Entry-level,Remote,55000,USD,55000,Small
2022,United States,Data Scientist,Full-time,Senior-level,On-site,100000,USD,100000,Large
2022,United States,Analytics Engineer,Full-time,Mid-level,On-site,200000,USD,200000,Medium
2022,United States,Data Engineer,Full-time,Senior-level,On-site,80000,USD,80000,Large
2022,United States,Data Engineer,Full-time,Senior-level,On-site,100000,USD,100000,Large
2022,United States,Data Analytics Manager,Full-time,Senior-level,Remote,145000,USD,145000,Medium
2022,United States,Data Science Manager,Full-time,Senior-level,On-site,185400,USD,185400,Medium
2022,United States,Data Analyst,Full-time,Senior-level,Remote,136260,USD,136260,Medium
2022,United States,Machine Learning Engineer,Full-time,Senior-level,Remote,100000,USD,100000,Medium
2022,United States,Machine Learning Developer,Full-time,Entry-level,Remote,180000,USD,180000,Large
2022,United States,Data Scientist,Full-time,Senior-level,Remote,92000,USD,92000,Large
2022,United States,AI Scientist,Full-time,Mid-level,Remote,200000,USD,200000,Medium
2022,United States,Business Data Analyst,Full-time,Senior-level,Remote,100000,USD,100000,Large
2022,United States,Data Analyst,Full-time,Senior-level,Remote,90320,USD,90320,Medium
2022,United States,Data Analyst,Full-time,Senior-level,Remote,110925,USD,110925,Medium
2022,United States,Data Analyst,Full-time,Senior-level,On-site,112900,USD,112900,Medium
2022,United States,Data Scientist,Full-time,Senior-level,On-site,148800,USD,148800,Medium
2022,United States,Data Analyst,Full-time,Senior-level,Remote,112900,USD,112900,Medium
2022,United States,ML Engineer,Full-time,Senior-level,On-site,160000,USD,160000,Medium
2022,United States,AI Scientist,Full-time,Mid-level,On-site,120000,USD,120000,Medium
2022,United States,AI Scientist,Full-time,Mid-level,Remote,200000,USD,200000,Large
2022,United States,Data Scientist,Full-time,Senior-level,Remote,138600,USD,138600,Medium
2022,United States,Data Scientist,Full-time,Senior-level,Remote,158200,USD,158200,Large
2022,United States,Data Analyst,Full-time,Senior-level,On-site,81666,USD,81666,Medium
2022,United States,Data Analyst,Full-time,Senior-level,On-site,115934,USD,115934,Medium
2022,United States,Data Architect,Full-time,Senior-level,Remote,147800,USD,147800,Medium
2022,United States,Data Analyst,Full-time,Senior-level,On-site,132000,USD,132000,Medium
2022,United States,Data Architect,Full-time,Senior-level,Remote,208775,USD,208775,Medium
2022,United States,Data Engineer,Full-time,Senior-level,Remote,132320,USD,132320,Medium
2022,United States,Data Engineer,Full-time,Senior-level,On-site,136000,USD,136000,Medium
2022,United States,Data Engineer,Full-time,Senior-level,Remote,183600,USD,183600,Large
2022,United States,Data Scientist,Full-time,Senior-level,Remote,260000,USD,260000,Medium
2022,United States,Data Scientist,Full-time,Senior-level,On-site,140400,USD,140400,Large
2022,United States,Data Analyst,Full-time,Mid-level,On-site,58000,USD,58000,Small
2022,United States,Machine Learning Scientist,Full-time,Mid-level,Remote,160000,USD,160000,Large
2022,United States,Data Scientist,Full-time,Senior-level,On-site,80000,USD,80000,Medium
2022,United States,Data Science Manager,Full-time,Mid-level,Remote,159000,USD,159000,Medium
2022,United States,Data Scientist,Full-time,Senior-level,Remote,211500,USD,211500,Medium
2022,United States,Data Engineer,Full-time,Executive-level,Remote,200000,USD,200000,Medium
2022,United States,Data Engineer,Full-time,Senior-level,On-site,181940,USD,181940,Medium
2022,United States,Data Analyst,Full-time,Senior-level,Remote,124190,USD,124190,Medium
2022,United States,Data Analyst,Full-time,Senior-level,On-site,116000,USD,116000,Medium
2022,United States,Data Engineer,Full-time,Senior-level,On-site,160080,USD,160080,Medium
2022,United States,Data Analyst,Full-time,Mid-level,On-site,106260,USD,106260,Medium
2022,United States,Data Analyst,Full-time,Mid-level,On-site,126500,USD,126500,Medium
2022,United States,Data Scientist,Full-time,Senior-level,Remote,167000,USD,167000,Medium
2022,United States,Data Scientist,Full-time,Mid-level,On-site,130000,USD,130000,Medium
2022,United States,Data Analyst,Full-time,Senior-level,Remote,84900,USD,84900,Medium
2022,United States,Data Analyst,Full-time,Senior-level,Remote,102100,USD,102100,Medium
2022,United States,Data Science Manager,Full-time,Senior-level,Remote,137141,USD,137141,Medium
2022,United States,Data Scientist,Full-time,Senior-level,Remote,146000,USD,146000,Medium
2022,United States,Data Science Manager,Full-time,Senior-level,Remote,161342,USD,161342,Medium
2022,United States,Data Analyst,Full-time,Senior-level,Remote,170000,USD,170000,Medium
2022,France,Machine Learning Engineer,Full-time,Senior-level,Remote,110000,EUR,115573,Medium
2022,United States,Data Analyst,Full-time,Mid-level,Remote,167000,USD,167000,Medium
2022,United States,Data Analyst,Full-time,Senior-level,Remote,136600,USD,136600,Medium
2022,United States,Data Engineer,Full-time,Senior-level,Remote,156600,USD,156600,Medium
2022,United States,Data Scientist,Full-time,Senior-level,Remote,176000,USD,176000,Medium
2022,United States,Head of Data Science,Full-time,Executive-level,Remote,224000,USD,224000,Medium
2022,United States,Data Scientist,Full-time,Senior-level,On-site,205300,USD,205300,Large
2022,United States,Analytics Engineer,Full-time,Executive-level,Remote,135000,USD,135000,Medium
2022,United States,Data Scientist,Full-time,Mid-level,On-site,141300,USD,141300,Medium
2022,United States,Data Engineer,Full-time,Senior-level,On-site,54000,USD,54000,Medium
2022,United States,Analytics Engineer,Full-time,Senior-level,On-site,184700,USD,184700,Medium
2022,United States,Analytics Engineer,Full-time,Senior-level,On-site,205300,USD,205300,Medium
2022,United States,Data Architect,Full-time,Senior-level,Remote,213120,USD,213120,Medium
2022,United States,Data Analyst,Full-time,Senior-level,Remote,116150,USD,116150,Medium
2022,United States,Data Architect,Full-time,Senior-level,Remote,266400,USD,266400,Medium
2022,United States,Machine Learning Engineer,Full-time,Senior-level,Remote,192600,USD,192600,Medium
2022,United States,Data Engineer,Full-time,Entry-level,Remote,65000,USD,65000,Small
2022,United States,Data Engineer,Full-time,Mid-level,On-site,99100,USD,99100,Medium
2022,United States,Data Scientist,Full-time,Senior-level,Remote,230000,USD,230000,Medium
2022,United States,Data Analyst,Full-time,Senior-level,Remote,60000,USD,60000,Medium
2022,United States,Data Analyst,Full-time,Senior-level,Remote,106260,USD,106260,Medium
2022,United States,Data Scientist,Full-time,Mid-level,Remote,160000,USD,160000,Medium
2022,United States,Data Analyst,Full-time,Senior-level,Remote,126500,USD,126500,Medium
2022,United States,Data Engineer,Full-time,Senior-level,Remote,25000,USD,25000,Medium
2022,United States,Applied Data Scientist,Full-time,Mid-level,Remote,157000,USD,157000,Large
2022,United States,Data Analyst,Full-time,Senior-level,Remote,105000,USD,105000,Medium
2022,United States,Machine Learning Engineer,Full-time,Senior-level,Remote,220000,USD,220000,Medium
2022,United States,Data Scientist,Full-time,Senior-level,Remote,220000,USD,220000,Medium
2022,United States,Applied Machine Learning Scientist,Full-time,Mid-level,Remote,75000,USD,75000,Large
2022,United States,Data Engineer,Full-time,Executive-level,Remote,324000,USD,324000,Medium
2022,United States,Machine Learning Engineer,Full-time,Mid-level,Remote,120000,USD,120000,Small
2022,United States,Data Scientist,Full-time,Senior-level,Remote,104890,USD,104890,Medium
2022,India,Business Data Analyst,Full-time,Mid-level,Hybrid,1440000,INR,18314,Large
2022,United States,Machine Learning Scientist,Full-time,Mid-level,Hybrid,153000,USD,153000,Medium
2022,United States,Data Scientist,Full-time,Mid-level,Remote,135000,USD,135000,Large
2022,United States,Research Scientist,Full-time,Entry-level,Remote,120000,USD,120000,Large
2022,United States,Data Engineer,Full-time,Entry-level,Remote,120000,USD,120000,Medium
2022,United States,Applied Data Scientist,Full-time,Senior-level,Remote,177000,USD,177000,Large
2022,United States,Financial Data Analyst,Full-time,Entry-level,Hybrid,100000,USD,100000,Large
2022,United States,Research Scientist,Full-time,Senior-level,Hybrid,144000,USD,144000,Large
2022,Puerto Rico,Machine Learning Engineer,Full-time,Senior-level,Remote,200000,USD,200000,Medium
2022,United Arab Emirates,Machine Learning Engineer,Full-time,Senior-level,Remote,65000,USD,65000,Small
2022,Russia,Data Science Manager,Full-time,Executive-level,On-site,106000,USD,106000,Large
2022,Russia,Research Engineer,Full-time,Entry-level,Remote,15662,EUR,16455,Medium
2022,Portugal,ML Engineer,Full-time,Entry-level,Remote,20000,EUR,21013,Large
2022,Portugal,Data Engineer,Full-time,Senior-level,On-site,70000,EUR,73546,Medium
2022,Portugal,Machine Learning Infrastructure Engineer,Full-time,Mid-level,Hybrid,53000,EUR,55685,Large
2022,Portugal,Lead Data Scientist,Full-time,Senior-level,Hybrid,28500,EUR,29944,Small
2022,India,Computer Vision Engineer,Full-time,Mid-level,Remote,1250000,INR,15897,Medium
2022,Puerto Rico,Data Engineer,Full-time,Senior-level,Remote,135000,USD,135000,Medium
2022,Pakistan,Data Analytics Engineer,Full-time,Entry-level,On-site,20000,USD,20000,Medium
2022,Pakistan,Applied Data Scientist,Full-time,Entry-level,Remote,40000,USD,40000,Medium
2022,Netherlands,Research Scientist,Full-time,Executive-level,On-site,80000,EUR,84053,Large
2022,Netherlands,Data Analytics Manager,Full-time,Senior-level,On-site,133000,USD,133000,Large
2022,Netherlands,Data Scientist,Full-time,Mid-level,On-site,85000,EUR,89306,Medium
2022,Netherlands,Data Scientist,Full-time,Mid-level,On-site,110000,EUR,115573,Medium
2022,India,Research Scientist,Full-time,Mid-level,Remote,23000,USD,23000,Large
2022,Malaysia,Data Scientist,Full-time,Entry-level,Remote,40000,USD,40000,Large
2022,Mexico,Data Science Engineer,Full-time,Senior-level,Remote,60000,USD,60000,Large
2022,Mexico,Data Scientist,Full-time,Mid-level,Remote,30000,USD,30000,Large
2022,India,Machine Learning Engineer,Full-time,Mid-level,Hybrid,1650000,INR,20984,Large
2022,Japan,Research Engineer,Full-time,Entry-level,Hybrid,5500000,JPY,41809,Large
2022,India,Business Data Analyst,Full-time,Entry-level,Remote,50000,USD,50000,Large
2022,Iran,Machine Learning Engineer,Freelance,Entry-level,Remote,100000,USD,100000,Medium
2022,France,Data Scientist,Full-time,Mid-level,Remote,60000,EUR,63040,Medium
2022,India,Principal Data Architect,Full-time,Senior-level,Remote,3000000,INR,38154,Large
2022,India,Head of Machine Learning,Full-time,Executive-level,Hybrid,6000000,INR,76309,Large
2022,India,Applied Machine Learning Scientist,Freelance,Mid-level,Remote,2400000,INR,30523,Small
2022,Hungary,Data Scientist,Full-time,Entry-level,Remote,6600000,HUF,17684,Medium
2022,India,Data Scientist,Full-time,Entry-level,Remote,1400000,INR,17805,Medium
2022,Indonesia,Data Analyst,Full-time,Entry-level,On-site,15000,USD,15000,Large
2022,Indonesia,Data Scientist,Full-time,Mid-level,Remote,4200000,INR,53416,Large
2022,United Kingdom,Data Engineer,Full-time,Mid-level,Remote,75000,GBP,92350,Medium
2022,Greece,ETL Developer,Full-time,Mid-level,On-site,50000,EUR,52533,Medium
2022,Greece,Data Engineer,Full-time,Mid-level,Remote,45000,EUR,47280,Medium
2022,Greece,Data Engineer,Full-time,Mid-level,Remote,60000,EUR,63040,Medium
2022,United Kingdom,Data Scientist,Full-time,Mid-level,On-site,55000,GBP,67723,Medium
2022,United Kingdom,AI Research Engineer,Full-time,Entry-level,Remote,30000,GBP,36940,Large
2022,United Kingdom,Data Scientist,Full-time,Mid-level,On-site,75000,GBP,92350,Medium
2022,United Kingdom,Data Scientist,Full-time,Senior-level,Remote,84000,EUR,88256,Large
2022,United Kingdom,Data Engineer,Full-time,Senior-level,Remote,84958,GBP,104611,Medium
2022,United Kingdom,Data Analyst,Full-time,Mid-level,On-site,45000,GBP,55410,Medium
2022,United Kingdom,Data Analyst,Full-time,Senior-level,On-site,57000,GBP,70186,Medium
2022,United Kingdom,Data Analyst,Full-time,Senior-level,On-site,75000,GBP,92350,Medium
2022,United Kingdom,Machine Learning Engineer,Full-time,Mid-level,On-site,65000,GBP,80036,Medium
2022,United Kingdom,Analytics Engineer,Full-time,Mid-level,On-site,85000,GBP,104663,Medium
2022,United Kingdom,Machine Learning Engineer,Full-time,Mid-level,On-site,85000,GBP,104663,Medium
2022,United Kingdom,Data Engineer,Full-time,Senior-level,Remote,35000,GBP,43096,Medium
2022,United Kingdom,Analytics Engineer,Full-time,Senior-level,Remote,65004,GBP,80041,Medium
2022,United Kingdom,Data Scientist,Full-time,Mid-level,Hybrid,47000,GBP,57872,Medium
2022,United Kingdom,Data Scientist,Full-time,Entry-level,Hybrid,27000,GBP,33246,Large
2022,United Kingdom,Marketing Data Analyst,Full-time,Senior-level,Remote,200000,USD,200000,Small
2022,United Kingdom,Analytics Engineer,Full-time,Senior-level,Remote,83376,GBP,102663,Medium
2022,United Kingdom,Data Engineer,Full-time,Mid-level,Remote,65000,GBP,80036,Medium
2022,United Kingdom,Data Engineer,Full-time,Mid-level,Remote,70000,GBP,86193,Medium
2022,United Kingdom,Data Engineer,Full-time,Mid-level,Remote,80000,GBP,98506,Medium
2022,France,Computer Vision Engineer,Full-time,Mid-level,Remote,56000,EUR,58837,Small
2022,United Kingdom,Data Scientist,Full-time,Mid-level,On-site,90000,GBP,110820,Medium
2022,United Kingdom,Machine Learning Engineer,Full-time,Entry-level,Remote,45000,GBP,55410,Small
2022,United Kingdom,Data Engineer,Full-time,Mid-level,On-site,60000,GBP,73880,Medium
2022,United Kingdom,Data Engineer,Full-time,Mid-level,On-site,50000,GBP,61566,Medium
2022,United Kingdom,Lead Data Scientist,Full-time,Mid-level,Hybrid,50000,GBP,61566,Small
2022,United Kingdom,Data Engineer,Full-time,Mid-level,On-site,74000,GBP,91118,Medium
2022,United Kingdom,Machine Learning Engineer,Full-time,Entry-level,Remote,30000,USD,30000,Large
2022,United Kingdom,Data Scientist,Full-time,Mid-level,On-site,35000,GBP,43096,Medium
2022,United States,Data Engineer,Full-time,Senior-level,On-site,102000,USD,102000,Medium
2022,United States,Data Engineer,Full-time,Mid-level,On-site,80000,USD,80000,Medium
2022,United States,Data Engineer,Full-time,Senior-level,On-site,146000,USD,146000,Medium
2022,United States,Data Analyst,Full-time,Senior-level,On-site,177000,USD,177000,Medium
2022,United States,Data Scientist,Full-time,Senior-level,On-site,140700,USD,140700,Medium
2022,United States,Analytics Engineer,Full-time,Senior-level,Remote,231250,USD,231250,Medium
2022,United States,Data Engineer,Full-time,Mid-level,On-site,65000,USD,65000,Medium
2022,United States,Data Analyst,Full-time,Senior-level,On-site,131000,USD,131000,Medium
2022,United States,Data Science Manager,Full-time,Senior-level,On-site,172200,USD,172200,Medium
